nome,estado
 Afonso Cl�udio,8
 �gua Doce do Norte,8
 �guia Branca,8
 �guia Branca,8
 Alfredo Chaves,8
 Alto Rio Novo,8
 Anchieta,8
 Apiac�,8
 Aracruz,8
 Atilio Vivacqua,8
 Baixo Guandu,8
 Barra de S�o Francisco,8
 Boa Esperan�a,8
 Bom Jesus do Norte,8
 Brejetuba,8
 Cachoeiro de Itapemirim,8
 Cariacica,8
 Castelo,8
 Colatina,8
 Concei��o da Barra,8
 Concei��o do Castelo,8
 Divino de S�o Louren�o,8
 Domingos Martins,8
 Dores do Rio Preto,8
 Ecoporanga,8
 Fund�o,8
 Governador Lindenberg,8
 Gua�u�,8
 Guarapari,8
 Ibatiba,8
 Ibira�u,8
 Ibitirama,8
 Iconha,8
 Irupi,8
 Itagua�u,8
 Itapemirim,8
 Itarana,8
 I�na,8
 Jaguar�,8
 Jer�nimo Monteiro,8
 Jo�o Neiva,8
 Laranja da Terra,8
 Linhares,8
 Manten�polis,8
 Marata�zes,8
 Marechal Floriano,8
 Maril�ndia,8
 Mimoso do Sul,8
 Montanha,8
 Mucurici,8
 Muniz Freire,8
 Muqui,8
 Nova Ven�cia,8
 Pancas,8
 Pedro Can�rio,8
 Pinheiros,8
 Pi�ma,8
 Ponto Belo,8
 Presidente Kennedy,8
 Rio Bananal,8
 Rio Novo do Sul,8
 Santa Leopoldina,8
 Santa Maria de Jetib�,8
 Santa Teresa,8
 S�o Domingos do Norte,8
 S�o Gabriel da Palha,8
 S�o Jos� do Cal�ado,8
 S�o Mateus,8
 S�o Roque do Cana�,8
 Serra,8
 Sooretama,8
 Vargem Alta,8
 Venda Nova do Imigrante,8
 Viana,8
 Vila Pav�o,8
 Vila Val�rio,8
 Vila Velha,8
 Vit�ria,8
 Acrel�ndia,1
 Assis Brasil,1
 Brasil�ia,1
 Bujari,1
 Capixaba,1
 Cruzeiro do Sul,1
 Epitaciol�ndia,1
 Feij�,1
 Jord�o,1
 M�ncio Lima,1
 Manoel Urbano,1
 Marechal Thaumaturgo,1
 Pl�cido de Castro,1
 Porto Acre,1
 Porto Walter,1
 Rio Branco,1
 Rodrigues Alves,1
 Santa Rosa do Purus,1
 Sena Madureira,1
 Senador Guiomard,1
 Tarauac�,1
 Xapuri,1
 �gua Branca,2
 Anadia,2
 Arapiraca,2
 Atalaia,2
 Barra de Santo Ant�nio,2
 Barra de S�o Miguel,2
 Batalha,2
 Bel�m,2
 Belo Monte,2
 Boca da Mata,2
 Branquinha,2
 Cacimbinhas,2
 Cajueiro,2
 Campestre,2
 Campo Alegre,2
 Campo Grande,2
 Canapi,2
 Capela,2
 Carneiros,2
 Ch� Preta,2
 Coit� do N�ia,2
 Col�nia Leopoldina,2
 Coqueiro Seco,2
 Coruripe,2
 Cra�bas,2
 Delmiro Gouveia,2
 Dois Riachos,2
 Estrela de Alagoas,2
 Feira Grande,2
 Feliz Deserto,2
 Flexeiras,2
 Girau do Ponciano,2
 Ibateguara,2
 Igaci,2
 Igreja Nova,2
 Inhapi,2
 Jacar� dos Homens,2
 Jacu�pe,2
 Japaratinga,2
 Jaramataia,2
 Jequi� da Praia,2
 Joaquim Gomes,2
 Jundi�,2
 Junqueiro,2
 Lagoa da Canoa,2
 Limoeiro de Anadia,2
 Macei�,2
 Major Isidoro,2
 Mar Vermelho,2
 Maragogi,2
 Maravilha,2
 Marechal Deodoro,2
 Maribondo,2
 Mata Grande,2
 Matriz de Camaragibe,2
 Messias,2
 Minador do Negr�o,2
 Monteir�polis,2
 Murici,2
 Novo Lino,2
 Olho d`�gua das Flores,2
 Olho d`�gua do Casado,2
 Olho d`�gua Grande,2
 Oliven�a,2
 Ouro Branco,2
 Palestina,2
 Palmeira dos �ndios,2
 P�o de A��car,2
 Pariconha,2
 Paripueira,2
 Passo de Camaragibe,2
 Paulo Jacinto,2
 Penedo,2
 Pia�abu�u,2
 Pilar,2
 Pindoba,2
 Piranhas,2
 Po�o das Trincheiras,2
 Porto Calvo,2
 Porto de Pedras,2
 Porto Real do Col�gio,2
 Quebrangulo,2
 Rio Largo,2
 Roteiro,2
 Santa Luzia do Norte,2
 Santana do Ipanema,2
 Santana do Munda�,2
 S�o Br�s,2
 S�o Jos� da Laje,2
 S�o Jos� da Tapera,2
 S�o Lu�s do Quitunde,2
 S�o Miguel dos Campos,2
 S�o Miguel dos Milagres,2
 S�o Sebasti�o,2
 Satuba,2
 Senador Rui Palmeira,2
 Tanque d`Arca,2
 Taquarana,2
 Teot�nio Vilela,2
 Traipu,2
 Uni�o dos Palmares,2
 Vi�osa,2
 Amap�,4
 Cal�oene,4
 Cutias,4
 Ferreira Gomes,4
 Itaubal,4
 Laranjal do Jari,4
 Macap�,4
 Mazag�o,4
 Oiapoque,4
 Pedra Branca do Amapar�,4
 Porto Grande,4
 Pracu�ba,4
 Santana,4
 Serra do Navio,4
 Tartarugalzinho,4
 Vit�ria do Jari,4
 Alvar�es,3
 Amatur�,3
 Anam�,3
 Anori,3
 Apu�,3
 Atalaia do Norte,3
 Autazes,3
 Barcelos,3
 Barreirinha,3
 Benjamin Constant,3
 Beruri,3
 Boa Vista do Ramos,3
 Boca do Acre,3
 Borba,3
 Caapiranga,3
 Canutama,3
 Carauari,3
 Careiro,3
 Careiro da V�rzea,3
 Coari,3
 Codaj�s,3
 Eirunep�,3
 Envira,3
 Fonte Boa,3
 Guajar�,3
 Humait�,3
 Ipixuna,3
 Iranduba,3
 Itacoatiara,3
 Itamarati,3
 Itapiranga,3
 Japur�,3
 Juru�,3
 Juta�,3
 L�brea,3
 Manacapuru,3
 Manaquiri,3
 Manaus,3
 Manicor�,3
 Mara�,3
 Mau�s,3
 Nhamund�,3
 Nova Olinda do Norte,3
 Novo Air�o,3
 Novo Aripuan�,3
 Parintins,3
 Pauini,3
 Presidente Figueiredo,3
 Rio Preto da Eva,3
 Santa Isabel do Rio Negro,3
 Santo Ant�nio do I��,3
 S�o Gabriel da Cachoeira,3
 S�o Paulo de Oliven�a,3
 S�o Sebasti�o do Uatum�,3
 Silves,3
 Tabatinga,3
 Tapau�,3
 Tef�,3
 Tonantins,3
 Uarini,3
 Urucar�,3
 Urucurituba,3
 Aba�ra,5
 Abar�,5
 Acajutiba,5
 Adustina,5
 �gua Fria,5
 Aiquara,5
 Alagoinhas,5
 Alcoba�a,5
 Almadina,5
 Amargosa,5
 Am�lia Rodrigues,5
 Am�rica Dourada,5
 Anag�,5
 Andara�,5
 Andorinha,5
 Angical,5
 Anguera,5
 Antas,5
 Ant�nio Cardoso,5
 Ant�nio Gon�alves,5
 Apor�,5
 Apuarema,5
 Ara�as,5
 Aracatu,5
 Araci,5
 Aramari,5
 Arataca,5
 Aratu�pe,5
 Aurelino Leal,5
 Baian�polis,5
 Baixa Grande,5
 Banza�,5
 Barra,5
 Barra da Estiva,5
 Barra do Cho�a,5
 Barra do Mendes,5
 Barra do Rocha,5
 Barreiras,5
 Barro Alto,5
 Barro Preto,5
 Barrocas,5
 Belmonte,5
 Belo Campo,5
 Biritinga,5
 Boa Nova,5
 Boa Vista do Tupim,5
 Bom Jesus da Lapa,5
 Bom Jesus da Serra,5
 Boninal,5
 Bonito,5
 Boquira,5
 Botupor�,5
 Brej�es,5
 Brejol�ndia,5
 Brotas de Maca�bas,5
 Brumado,5
 Buerarema,5
 Buritirama,5
 Caatiba,5
 Cabaceiras do Paragua�u,5
 Cachoeira,5
 Cacul�,5
 Ca�m,5
 Caetanos,5
 Caetit�,5
 Cafarnaum,5
 Cairu,5
 Caldeir�o Grande,5
 Camacan,5
 Cama�ari,5
 Camamu,5
 Campo Alegre de Lourdes,5
 Campo Formoso,5
 Can�polis,5
 Canarana,5
 Canavieiras,5
 Candeal,5
 Candeias,5
 Candiba,5
 C�ndido Sales,5
 Cansan��o,5
 Canudos,5
 Capela do Alto Alegre,5
 Capim Grosso,5
 Cara�bas,5
 Caravelas,5
 Cardeal da Silva,5
 Carinhanha,5
 Casa Nova,5
 Castro Alves,5
 Catol�ndia,5
 Catu,5
 Caturama,5
 Central,5
 Chorroch�,5
 C�cero Dantas,5
 Cip�,5
 Coaraci,5
 Cocos,5
 Concei��o da Feira,5
 Concei��o do Almeida,5
 Concei��o do Coit�,5
 Concei��o do Jacu�pe,5
 Conde,5
 Conde�ba,5
 Contendas do Sincor�,5
 Cora��o de Maria,5
 Cordeiros,5
 Coribe,5
 Coronel Jo�o S�,5
 Correntina,5
 Cotegipe,5
 Cravol�ndia,5
 Cris�polis,5
 Crist�polis,5
 Cruz das Almas,5
 Cura��,5
 D�rio Meira,5
 Dias d`�vila,5
 Dom Bas�lio,5
 Dom Macedo Costa,5
 El�sio Medrado,5
 Encruzilhada,5
 Entre Rios,5
 �rico Cardoso,5
 Esplanada,5
 Euclides da Cunha,5
 Eun�polis,5
 F�tima,5
 Feira da Mata,5
 Feira de Santana,5
 Filad�lfia,5
 Firmino Alves,5
 Floresta Azul,5
 Formosa do Rio Preto,5
 Gandu,5
 Gavi�o,5
 Gentio do Ouro,5
 Gl�ria,5
 Gongogi,5
 Governador Mangabeira,5
 Guajeru,5
 Guanambi,5
 Guaratinga,5
 Heli�polis,5
 Ia�u,5
 Ibiassuc�,5
 Ibicara�,5
 Ibicoara,5
 Ibicu�,5
 Ibipeba,5
 Ibipitanga,5
 Ibiquera,5
 Ibirapitanga,5
 Ibirapu�,5
 Ibirataia,5
 Ibitiara,5
 Ibitit�,5
 Ibotirama,5
 Ichu,5
 Igapor�,5
 Igrapi�na,5
 Igua�,5
 Ilh�us,5
 Inhambupe,5
 Ipecaet�,5
 Ipia�,5
 Ipir�,5
 Ipupiara,5
 Irajuba,5
 Iramaia,5
 Iraquara,5
 Irar�,5
 Irec�,5
 Itabela,5
 Itaberaba,5
 Itabuna,5
 Itacar�,5
 Itaet�,5
 Itagi,5
 Itagib�,5
 Itagimirim,5
 Itagua�u da Bahia,5
 Itaju do Col�nia,5
 Itaju�pe,5
 Itamaraju,5
 Itamari,5
 Itamb�,5
 Itanagra,5
 Itanh�m,5
 Itaparica,5
 Itap�,5
 Itapebi,5
 Itapetinga,5
 Itapicuru,5
 Itapitanga,5
 Itaquara,5
 Itarantim,5
 Itatim,5
 Itiru�u,5
 Iti�ba,5
 Itoror�,5
 Itua�u,5
 Ituber�,5
 Iui�,5
 Jaborandi,5
 Jacaraci,5
 Jacobina,5
 Jaguaquara,5
 Jaguarari,5
 Jaguaripe,5
 Janda�ra,5
 Jequi�,5
 Jeremoabo,5
 Jiquiri��,5
 Jita�na,5
 Jo�o Dourado,5
 Juazeiro,5
 Jucuru�u,5
 Jussara,5
 Jussari,5
 Jussiape,5
 Lafaiete Coutinho,5
 Lagoa Real,5
 Laje,5
 Lajed�o,5
 Lajedinho,5
 Lajedo do Tabocal,5
 Lamar�o,5
 Lap�o,5
 Lauro de Freitas,5
 Len��is,5
 Lic�nio de Almeida,5
 Livramento de Nossa Senhora,5
 Lu�s Eduardo Magalh�es,5
 Macajuba,5
 Macarani,5
 Maca�bas,5
 Macurur�,5
 Madre de Deus,5
 Maetinga,5
 Maiquinique,5
 Mairi,5
 Malhada,5
 Malhada de Pedras,5
 Manoel Vitorino,5
 Mansid�o,5
 Marac�s,5
 Maragogipe,5
 Mara�,5
 Marcion�lio Souza,5
 Mascote,5
 Mata de S�o Jo�o,5
 Matina,5
 Medeiros Neto,5
 Miguel Calmon,5
 Milagres,5
 Mirangaba,5
 Mirante,5
 Monte Santo,5
 Morpar�,5
 Morro do Chap�u,5
 Mortugaba,5
 Mucug�,5
 Mucuri,5
 Mulungu do Morro,5
 Mundo Novo,5
 Muniz Ferreira,5
 Muqu�m de S�o Francisco,5
 Muritiba,5
 Mutu�pe,5
 Nazar�,5
 Nilo Pe�anha,5
 Nordestina,5
 Nova Cana�,5
 Nova F�tima,5
 Nova Ibi�,5
 Nova Itarana,5
 Nova Reden��o,5
 Nova Soure,5
 Nova Vi�osa,5
 Novo Horizonte,5
 Novo Triunfo,5
 Olindina,5
 Oliveira dos Brejinhos,5
 Ouri�angas,5
 Ourol�ndia,5
 Palmas de Monte Alto,5
 Palmeiras,5
 Paramirim,5
 Paratinga,5
 Paripiranga,5
 Pau Brasil,5
 Paulo Afonso,5
 P� de Serra,5
 Pedr�o,5
 Pedro Alexandre,5
 Piat�,5
 Pil�o Arcado,5
 Pinda�,5
 Pindoba�u,5
 Pintadas,5
 Pira� do Norte,5
 Pirip�,5
 Piritiba,5
 Planaltino,5
 Planalto,5
 Po��es,5
 Pojuca,5
 Ponto Novo,5
 Porto Seguro,5
 Potiragu�,5
 Prado,5
 Presidente Dutra,5
 Presidente J�nio Quadros,5
 Presidente Tancredo Neves,5
 Queimadas,5
 Quijingue,5
 Quixabeira,5
 Rafael Jambeiro,5
 Remanso,5
 Retirol�ndia,5
 Riach�o das Neves,5
 Riach�o do Jacu�pe,5
 Riacho de Santana,5
 Ribeira do Amparo,5
 Ribeira do Pombal,5
 Ribeir�o do Largo,5
 Rio de Contas,5
 Rio do Ant�nio,5
 Rio do Pires,5
 Rio Real,5
 Rodelas,5
 Ruy Barbosa,5
 Salinas da Margarida,5
 Salvador,5
 Santa B�rbara,5
 Santa Br�gida,5
 Santa Cruz Cabr�lia,5
 Santa Cruz da Vit�ria,5
 Santa In�s,5
 Santa Luzia,5
 Santa Maria da Vit�ria,5
 Santa Rita de C�ssia,5
 Santa Teresinha,5
 Santaluz,5
 Santana,5
 Santan�polis,5
 Santo Amaro,5
 Santo Ant�nio de Jesus,5
 Santo Est�v�o,5
 S�o Desid�rio,5
 S�o Domingos,5
 S�o Felipe,5
 S�o F�lix,5
 S�o F�lix do Coribe,5
 S�o Francisco do Conde,5
 S�o Gabriel,5
 S�o Gon�alo dos Campos,5
 S�o Jos� da Vit�ria,5
 S�o Jos� do Jacu�pe,5
 S�o Miguel das Matas,5
 S�o Sebasti�o do Pass�,5
 Sapea�u,5
 S�tiro Dias,5
 Saubara,5
 Sa�de,5
 Seabra,5
 Sebasti�o Laranjeiras,5
 Senhor do Bonfim,5
 Sento S�,5
 Serra do Ramalho,5
 Serra Dourada,5
 Serra Preta,5
 Serrinha,5
 Serrol�ndia,5
 Sim�es Filho,5
 S�tio do Mato,5
 S�tio do Quinto,5
 Sobradinho,5
 Souto Soares,5
 Tabocas do Brejo Velho,5
 Tanha�u,5
 Tanque Novo,5
 Tanquinho,5
 Tapero�,5
 Tapiramut�,5
 Teixeira de Freitas,5
 Teodoro Sampaio,5
 Teofil�ndia,5
 Teol�ndia,5
 Terra Nova,5
 Tremedal,5
 Tucano,5
 Uau�,5
 Uba�ra,5
 Ubaitaba,5
 Ubat�,5
 Uiba�,5
 Umburanas,5
 Una,5
 Urandi,5
 Uru�uca,5
 Utinga,5
 Valen�a,5
 Valente,5
 V�rzea da Ro�a,5
 V�rzea do Po�o,5
 V�rzea Nova,5
 Varzedo,5
 Vera Cruz,5
 Vereda,5
 Vit�ria da Conquista,5
 Wagner,5
 Wanderley,5
 Wenceslau Guimar�es,5
 Xique-Xique,5
 Abaiara,6
 Acarape,6
 Acara�,6
 Acopiara,6
 Aiuaba,6
 Alc�ntaras,6
 Altaneira,6
 Alto Santo,6
 Amontada,6
 Antonina do Norte,6
 Apuiar�s,6
 Aquiraz,6
 Aracati,6
 Aracoiaba,6
 Ararend�,6
 Araripe,6
 Aratuba,6
 Arneiroz,6
 Assar�,6
 Aurora,6
 Baixio,6
 Banabui�,6
 Barbalha,6
 Barreira,6
 Barro,6
 Barroquinha,6
 Baturit�,6
 Beberibe,6
 Bela Cruz,6
 Boa Viagem,6
 Brejo Santo,6
 Camocim,6
 Campos Sales,6
 Canind�,6
 Capistrano,6
 Caridade,6
 Carir�,6
 Cariria�u,6
 Cari�s,6
 Carnaubal,6
 Cascavel,6
 Catarina,6
 Catunda,6
 Caucaia,6
 Cedro,6
 Chaval,6
 Chor�,6
 Chorozinho,6
 Corea�,6
 Crate�s,6
 Crato,6
 Croat�,6
 Cruz,6
 Deputado Irapuan Pinheiro,6
 Erer�,6
 Eus�bio,6
 Farias Brito,6
 Forquilha,6
 Fortaleza,6
 Fortim,6
 Frecheirinha,6
 General Sampaio,6
 Gra�a,6
 Granja,6
 Granjeiro,6
 Groa�ras,6
 Guai�ba,6
 Guaraciaba do Norte,6
 Guaramiranga,6
 Hidrol�ndia,6
 Horizonte,6
 Ibaretama,6
 Ibiapina,6
 Ibicuitinga,6
 Icapu�,6
 Ic�,6
 Iguatu,6
 Independ�ncia,6
 Ipaporanga,6
 Ipaumirim,6
 Ipu,6
 Ipueiras,6
 Iracema,6
 Irau�uba,6
 Itai�aba,6
 Itaitinga,6
 Itapag�,6
 Itapipoca,6
 Itapi�na,6
 Itarema,6
 Itatira,6
 Jaguaretama,6
 Jaguaribara,6
 Jaguaribe,6
 Jaguaruana,6
 Jardim,6
 Jati,6
 Jijoca de Jericoacoara,6
 Juazeiro do Norte,6
 Juc�s,6
 Lavras da Mangabeira,6
 Limoeiro do Norte,6
 Madalena,6
 Maracana�,6
 Maranguape,6
 Marco,6
 Martin�pole,6
 Massap�,6
 Mauriti,6
 Meruoca,6
 Milagres,6
 Milh�,6
 Mira�ma,6
 Miss�o Velha,6
 Momba�a,6
 Monsenhor Tabosa,6
 Morada Nova,6
 Mora�jo,6
 Morrinhos,6
 Mucambo,6
 Mulungu,6
 Nova Olinda,6
 Nova Russas,6
 Novo Oriente,6
 Ocara,6
 Or�s,6
 Pacajus,6
 Pacatuba,6
 Pacoti,6
 Pacuj�,6
 Palhano,6
 Palm�cia,6
 Paracuru,6
 Paraipaba,6
 Parambu,6
 Paramoti,6
 Pedra Branca,6
 Penaforte,6
 Pentecoste,6
 Pereiro,6
 Pindoretama,6
 Piquet Carneiro,6
 Pires Ferreira,6
 Poranga,6
 Porteiras,6
 Potengi,6
 Potiretama,6
 Quiterian�polis,6
 Quixad�,6
 Quixel�,6
 Quixeramobim,6
 Quixer�,6
 Reden��o,6
 Reriutaba,6
 Russas,6
 Saboeiro,6
 Salitre,6
 Santa Quit�ria,6
 Santana do Acara�,6
 Santana do Cariri,6
 S�o Benedito,6
 S�o Gon�alo do Amarante,6
 S�o Jo�o do Jaguaribe,6
 S�o Lu�s do Curu,6
 Senador Pompeu,6
 Senador S�,6
 Sobral,6
 Solon�pole,6
 Tabuleiro do Norte,6
 Tamboril,6
 Tarrafas,6
 Tau�,6
 Teju�uoca,6
 Tiangu�,6
 Trairi,6
 Tururu,6
 Ubajara,6
 Umari,6
 Umirim,6
 Uruburetama,6
 Uruoca,6
 Varjota,6
 V�rzea Alegre,6
 Vi�osa do Cear�,6
 Bras�lia,7
 Abadia de Goi�s,9
 Abadi�nia,9
 Acre�na,9
 Adel�ndia,9
 �gua Fria de Goi�s,9
 �gua Limpa,9
 �guas Lindas de Goi�s,9
 Alex�nia,9
 Alo�ndia,9
 Alto Horizonte,9
 Alto Para�so de Goi�s,9
 Alvorada do Norte,9
 Amaralina,9
 Americano do Brasil,9
 Amorin�polis,9
 An�polis,9
 Anhanguera,9
 Anicuns,9
 Aparecida de Goi�nia,9
 Aparecida do Rio Doce,9
 Apor�,9
 Ara�u,9
 Aragar�as,9
 Aragoi�nia,9
 Araguapaz,9
 Aren�polis,9
 Aruan�,9
 Auril�ndia,9
 Avelin�polis,9
 Baliza,9
 Barro Alto,9
 Bela Vista de Goi�s,9
 Bom Jardim de Goi�s,9
 Bom Jesus de Goi�s,9
 Bonfin�polis,9
 Bon�polis,9
 Brazabrantes,9
 Brit�nia,9
 Buriti Alegre,9
 Buriti de Goi�s,9
 Buritin�polis,9
 Cabeceiras,9
 Cachoeira Alta,9
 Cachoeira de Goi�s,9
 Cachoeira Dourada,9
 Ca�u,9
 Caiap�nia,9
 Caldas Novas,9
 Caldazinha,9
 Campestre de Goi�s,9
 Campina�u,9
 Campinorte,9
 Campo Alegre de Goi�s,9
 Campo Limpo de Goi�s,9
 Campos Belos,9
 Campos Verdes,9
 Carmo do Rio Verde,9
 Castel�ndia,9
 Catal�o,9
 Catura�,9
 Cavalcante,9
 Ceres,9
 Cezarina,9
 Chapad�o do C�u,9
 Cidade Ocidental,9
 Cocalzinho de Goi�s,9
 Colinas do Sul,9
 C�rrego do Ouro,9
 Corumb� de Goi�s,9
 Corumba�ba,9
 Cristalina,9
 Cristian�polis,9
 Crix�s,9
 Crom�nia,9
 Cumari,9
 Damian�polis,9
 Damol�ndia,9
 Davin�polis,9
 Diorama,9
 Divin�polis de Goi�s,9
 Doverl�ndia,9
 Edealina,9
 Ed�ia,9
 Estrela do Norte,9
 Faina,9
 Fazenda Nova,9
 Firmin�polis,9
 Flores de Goi�s,9
 Formosa,9
 Formoso,9
 Gameleira de Goi�s,9
 Goian�polis,9
 Goiandira,9
 Goian�sia,9
 Goi�nia,9
 Goianira,9
 Goi�s,9
 Goiatuba,9
 Gouvel�ndia,9
 Guap�,9
 Guara�ta,9
 Guarani de Goi�s,9
 Guarinos,9
 Heitora�,9
 Hidrol�ndia,9
 Hidrolina,9
 Iaciara,9
 Inaciol�ndia,9
 Indiara,9
 Inhumas,9
 Ipameri,9
 Ipiranga de Goi�s,9
 Ipor�,9
 Israel�ndia,9
 Itabera�,9
 Itaguari,9
 Itaguaru,9
 Itaj�,9
 Itapaci,9
 Itapirapu�,9
 Itapuranga,9
 Itarum�,9
 Itau�u,9
 Itumbiara,9
 Ivol�ndia,9
 Jandaia,9
 Jaragu�,9
 Jata�,9
 Jaupaci,9
 Jes�polis,9
 Jovi�nia,9
 Jussara,9
 Lagoa Santa,9
 Leopoldo de Bulh�es,9
 Luzi�nia,9
 Mairipotaba,9
 Mamba�,9
 Mara Rosa,9
 Marzag�o,9
 Matrinch�,9
 Mauril�ndia,9
 Mimoso de Goi�s,9
 Mina�u,9
 Mineiros,9
 Moipor�,9
 Monte Alegre de Goi�s,9
 Montes Claros de Goi�s,9
 Montividiu,9
 Montividiu do Norte,9
 Morrinhos,9
 Morro Agudo de Goi�s,9
 Moss�medes,9
 Mozarl�ndia,9
 Mundo Novo,9
 Mutun�polis,9
 Naz�rio,9
 Ner�polis,9
 Niquel�ndia,9
 Nova Am�rica,9
 Nova Aurora,9
 Nova Crix�s,9
 Nova Gl�ria,9
 Nova Igua�u de Goi�s,9
 Nova Roma,9
 Nova Veneza,9
 Novo Brasil,9
 Novo Gama,9
 Novo Planalto,9
 Orizona,9
 Ouro Verde de Goi�s,9
 Ouvidor,9
 Padre Bernardo,9
 Palestina de Goi�s,9
 Palmeiras de Goi�s,9
 Palmelo,9
 Palmin�polis,9
 Panam�,9
 Paranaiguara,9
 Para�na,9
 Perol�ndia,9
 Petrolina de Goi�s,9
 Pilar de Goi�s,9
 Piracanjuba,9
 Piranhas,9
 Piren�polis,9
 Pires do Rio,9
 Planaltina,9
 Pontalina,9
 Porangatu,9
 Porteir�o,9
 Portel�ndia,9
 Posse,9
 Professor Jamil,9
 Quirin�polis,9
 Rialma,9
 Rian�polis,9
 Rio Quente,9
 Rio Verde,9
 Rubiataba,9
 Sanclerl�ndia,9
 Santa B�rbara de Goi�s,9
 Santa Cruz de Goi�s,9
 Santa F� de Goi�s,9
 Santa Helena de Goi�s,9
 Santa Isabel,9
 Santa Rita do Araguaia,9
 Santa Rita do Novo Destino,9
 Santa Rosa de Goi�s,9
 Santa Tereza de Goi�s,9
 Santa Terezinha de Goi�s,9
 Santo Ant�nio da Barra,9
 Santo Ant�nio de Goi�s,9
 Santo Ant�nio do Descoberto,9
 S�o Domingos,9
 S�o Francisco de Goi�s,9
 S�o Jo�o d`Alian�a,9
 S�o Jo�o da Para�na,9
 S�o Lu�s de Montes Belos,9
 S�o Lu�z do Norte,9
 S�o Miguel do Araguaia,9
 S�o Miguel do Passa Quatro,9
 S�o Patr�cio,9
 S�o Sim�o,9
 Senador Canedo,9
 Serran�polis,9
 Silv�nia,9
 Simol�ndia,9
 S�tio d`Abadia,9
 Taquaral de Goi�s,9
 Teresina de Goi�s,9
 Terez�polis de Goi�s,9
 Tr�s Ranchos,9
 Trindade,9
 Trombas,9
 Turv�nia,9
 Turvel�ndia,9
 Uirapuru,9
 Urua�u,9
 Uruana,9
 Uruta�,9
 Valpara�so de Goi�s,9
 Varj�o,9
 Vian�polis,9
 Vicentin�polis,9
 Vila Boa,9
 Vila Prop�cio,9
 A�ail�ndia,10
 Afonso Cunha,10
 �gua Doce do Maranh�o,10
 Alc�ntara,10
 Aldeias Altas,10
 Altamira do Maranh�o,10
 Alto Alegre do Maranh�o,10
 Alto Alegre do Pindar�,10
 Alto Parna�ba,10
 Amap� do Maranh�o,10
 Amarante do Maranh�o,10
 Anajatuba,10
 Anapurus,10
 Apicum-A�u,10
 Araguan�,10
 Araioses,10
 Arame,10
 Arari,10
 Axix�,10
 Bacabal,10
 Bacabeira,10
 Bacuri,10
 Bacurituba,10
 Balsas,10
 Bar�o de Graja�,10
 Barra do Corda,10
 Barreirinhas,10
 Bela Vista do Maranh�o,10
 Bel�gua,10
 Benedito Leite,10
 Bequim�o,10
 Bernardo do Mearim,10
 Boa Vista do Gurupi,10
 Bom Jardim,10
 Bom Jesus das Selvas,10
 Bom Lugar,10
 Brejo,10
 Brejo de Areia,10
 Buriti,10
 Buriti Bravo,10
 Buriticupu,10
 Buritirana,10
 Cachoeira Grande,10
 Cajapi�,10
 Cajari,10
 Campestre do Maranh�o,10
 C�ndido Mendes,10
 Cantanhede,10
 Capinzal do Norte,10
 Carolina,10
 Carutapera,10
 Caxias,10
 Cedral,10
 Central do Maranh�o,10
 Centro do Guilherme,10
 Centro Novo do Maranh�o,10
 Chapadinha,10
 Cidel�ndia,10
 Cod�,10
 Coelho Neto,10
 Colinas,10
 Concei��o do Lago-A�u,10
 Coroat�,10
 Cururupu,10
 Davin�polis,10
 Dom Pedro,10
 Duque Bacelar,10
 Esperantin�polis,10
 Estreito,10
 Feira Nova do Maranh�o,10
 Fernando Falc�o,10
 Formosa da Serra Negra,10
 Fortaleza dos Nogueiras,10
 Fortuna,10
 Godofredo Viana,10
 Gon�alves Dias,10
 Governador Archer,10
 Governador Edison Lob�o,10
 Governador Eug�nio Barros,10
 Governador Luiz Rocha,10
 Governador Newton Bello,10
 Governador Nunes Freire,10
 Gra�a Aranha,10
 Graja�,10
 Guimar�es,10
 Humberto de Campos,10
 Icatu,10
 Igarap� do Meio,10
 Igarap� Grande,10
 Imperatriz,10
 Itaipava do Graja�,10
 Itapecuru Mirim,10
 Itinga do Maranh�o,10
 Jatob�,10
 Jenipapo dos Vieiras,10
 Jo�o Lisboa,10
 Josel�ndia,10
 Junco do Maranh�o,10
 Lago da Pedra,10
 Lago do Junco,10
 Lago dos Rodrigues,10
 Lago Verde,10
 Lagoa do Mato,10
 Lagoa Grande do Maranh�o,10
 Lajeado Novo,10
 Lima Campos,10
 Loreto,10
 Lu�s Domingues,10
 Magalh�es de Almeida,10
 Maraca�um�,10
 Maraj� do Sena,10
 Maranh�ozinho,10
 Mata Roma,10
 Matinha,10
 Mat�es,10
 Mat�es do Norte,10
 Milagres do Maranh�o,10
 Mirador,10
 Miranda do Norte,10
 Mirinzal,10
 Mon��o,10
 Montes Altos,10
 Morros,10
 Nina Rodrigues,10
 Nova Colinas,10
 Nova Iorque,10
 Nova Olinda do Maranh�o,10
 Olho d`�gua das Cunh�s,10
 Olinda Nova do Maranh�o,10
 Pa�o do Lumiar,10
 Palmeir�ndia,10
 Paraibano,10
 Parnarama,10
 Passagem Franca,10
 Pastos Bons,10
 Paulino Neves,10
 Paulo Ramos,10
 Pedreiras,10
 Pedro do Ros�rio,10
 Penalva,10
 Peri Mirim,10
 Peritor�,10
 Pindar�-Mirim,10
 Pinheiro,10
 Pio XII,10
 Pirapemas,10
 Po��o de Pedras,10
 Porto Franco,10
 Porto Rico do Maranh�o,10
 Presidente Dutra,10
 Presidente Juscelino,10
 Presidente M�dici,10
 Presidente Sarney,10
 Presidente Vargas,10
 Primeira Cruz,10
 Raposa,10
 Riach�o,10
 Ribamar Fiquene,10
 Ros�rio,10
 Samba�ba,10
 Santa Filomena do Maranh�o,10
 Santa Helena,10
 Santa In�s,10
 Santa Luzia,10
 Santa Luzia do Paru�,10
 Santa Quit�ria do Maranh�o,10
 Santa Rita,10
 Santana do Maranh�o,10
 Santo Amaro do Maranh�o,10
 Santo Ant�nio dos Lopes,10
 S�o Benedito do Rio Preto,10
 S�o Bento,10
 S�o Bernardo,10
 S�o Domingos do Azeit�o,10
 S�o Domingos do Maranh�o,10
 S�o F�lix de Balsas,10
 S�o Francisco do Brej�o,10
 S�o Francisco do Maranh�o,10
 S�o Jo�o Batista,10
 S�o Jo�o do Car�,10
 S�o Jo�o do Para�so,10
 S�o Jo�o do Soter,10
 S�o Jo�o dos Patos,10
 S�o Jos� de Ribamar,10
 S�o Jos� dos Bas�lios,10
 S�o Lu�s,10
 S�o Lu�s Gonzaga do Maranh�o,10
 S�o Mateus do Maranh�o,10
 S�o Pedro da �gua Branca,10
 S�o Pedro dos Crentes,10
 S�o Raimundo das Mangabeiras,10
 S�o Raimundo do Doca Bezerra,10
 S�o Roberto,10
 S�o Vicente Ferrer,10
 Satubinha,10
 Senador Alexandre Costa,10
 Senador La Rocque,10
 Serrano do Maranh�o,10
 S�tio Novo,10
 Sucupira do Norte,10
 Sucupira do Riach�o,10
 Tasso Fragoso,10
 Timbiras,10
 Timon,10
 Trizidela do Vale,10
 Tufil�ndia,10
 Tuntum,10
 Turia�u,10
 Turil�ndia,10
 Tut�ia,10
 Urbano Santos,10
 Vargem Grande,10
 Viana,10
 Vila Nova dos Mart�rios,10
 Vit�ria do Mearim,10
 Vitorino Freire,10
 Z� Doca,10
 Acorizal,13
 �gua Boa,13
 Alta Floresta,13
 Alto Araguaia,13
 Alto Boa Vista,13
 Alto Gar�as,13
 Alto Paraguai,13
 Alto Taquari,13
 Apiac�s,13
 Araguaiana,13
 Araguainha,13
 Araputanga,13
 Aren�polis,13
 Aripuan�,13
 Bar�o de Melga�o,13
 Barra do Bugres,13
 Barra do Gar�as,13
 Bom Jesus do Araguaia,13
 Brasnorte,13
 C�ceres,13
 Campin�polis,13
 Campo Novo do Parecis,13
 Campo Verde,13
 Campos de J�lio,13
 Canabrava do Norte,13
 Canarana,13
 Carlinda,13
 Castanheira,13
 Chapada dos Guimar�es,13
 Cl�udia,13
 Cocalinho,13
 Col�der,13
 Colniza,13
 Comodoro,13
 Confresa,13
 Conquista d`Oeste,13
 Cotrigua�u,13
 Cuiab�,13
 Curvel�ndia,13
 Curvel�ndia,13
 Denise,13
 Diamantino,13
 Dom Aquino,13
 Feliz Natal,13
 Figueir�polis d`Oeste,13
 Ga�cha do Norte,13
 General Carneiro,13
 Gl�ria d`Oeste,13
 Guarant� do Norte,13
 Guiratinga,13
 Indiava�,13
 Ipiranga do Norte,13
 Itanhang�,13
 Ita�ba,13
 Itiquira,13
 Jaciara,13
 Jangada,13
 Jauru,13
 Juara,13
 Ju�na,13
 Juruena,13
 Juscimeira,13
 Lambari d`Oeste,13
 Lucas do Rio Verde,13
 Luci�ra,13
 Marcel�ndia,13
 Matup�,13
 Mirassol d`Oeste,13
 Nobres,13
 Nortel�ndia,13
 Nossa Senhora do Livramento,13
 Nova Bandeirantes,13
 Nova Brasil�ndia,13
 Nova Cana� do Norte,13
 Nova Guarita,13
 Nova Lacerda,13
 Nova Maril�ndia,13
 Nova Maring�,13
 Nova Monte verde,13
 Nova Mutum,13
 Nova Ol�mpia,13
 Nova Santa Helena,13
 Nova Ubirat�,13
 Nova Xavantina,13
 Novo Horizonte do Norte,13
 Novo Mundo,13
 Novo Santo Ant�nio,13
 Novo S�o Joaquim,13
 Parana�ta,13
 Paranatinga,13
 Pedra Preta,13
 Peixoto de Azevedo,13
 Planalto da Serra,13
 Pocon�,13
 Pontal do Araguaia,13
 Ponte Branca,13
 Pontes e Lacerda,13
 Porto Alegre do Norte,13
 Porto dos Ga�chos,13
 Porto Esperidi�o,13
 Porto Estrela,13
 Poxor�o,13
 Primavera do Leste,13
 Quer�ncia,13
 Reserva do Caba�al,13
 Ribeir�o Cascalheira,13
 Ribeir�ozinho,13
 Rio Branco,13
 Rondol�ndia,13
 Rondon�polis,13
 Ros�rio Oeste,13
 Salto do C�u,13
 Santa Carmem,13
 Santa Cruz do Xingu,13
 Santa Rita do Trivelato,13
 Santa Terezinha,13
 Santo Afonso,13
 Santo Ant�nio do Leste,13
 Santo Ant�nio do Leverger,13
 S�o F�lix do Araguaia,13
 S�o Jos� do Povo,13
 S�o Jos� do Rio Claro,13
 S�o Jos� do Xingu,13
 S�o Jos� dos Quatro Marcos,13
 S�o Pedro da Cipa,13
 Sapezal,13
 Serra Nova Dourada,13
 Sinop,13
 Sorriso,13
 Tabapor�,13
 Tangar� da Serra,13
 Tapurah,13
 Terra Nova do Norte,13
 Tesouro,13
 Torixor�u,13
 Uni�o do Sul,13
 Vale de S�o Domingos,13
 V�rzea Grande,13
 Vera,13
 Vila Bela da Sant�ssima Trindade,13
 Vila Rica,13
 �gua Clara,12
 Alcin�polis,12
 Amamba�,12
 Anast�cio,12
 Anauril�ndia,12
 Ang�lica,12
 Ant�nio Jo�o,12
 Aparecida do Taboado,12
 Aquidauana,12
 Aral Moreira,12
 Bandeirantes,12
 Bataguassu,12
 Bataipor�,12
 Bela Vista,12
 Bodoquena,12
 Bonito,12
 Brasil�ndia,12
 Caarap�,12
 Camapu�,12
 Campo Grande,12
 Caracol,12
 Cassil�ndia,12
 Chapad�o do Sul,12
 Corguinho,12
 Coronel Sapucaia,12
 Corumb�,12
 Costa Rica,12
 Coxim,12
 Deod�polis,12
 Dois Irm�os do Buriti,12
 Douradina,12
 Dourados,12
 Eldorado,12
 F�tima do Sul,12
 Figueir�o,12
 Gl�ria de Dourados,12
 Guia Lopes da Laguna,12
 Iguatemi,12
 Inoc�ncia,12
 Itapor�,12
 Itaquira�,12
 Ivinhema,12
 Japor�,12
 Jaraguari,12
 Jardim,12
 Jate�,12
 Juti,12
 Lad�rio,12
 Laguna Carap�,12
 Maracaju,12
 Miranda,12
 Mundo Novo,12
 Navira�,12
 Nioaque,12
 Nova Alvorada do Sul,12
 Nova Andradina,12
 Novo Horizonte do Sul,12
 Parana�ba,12
 Paranhos,12
 Pedro Gomes,12
 Ponta Por�,12
 Porto Murtinho,12
 Ribas do Rio Pardo,12
 Rio Brilhante,12
 Rio Negro,12
 Rio Verde de Mato Grosso,12
 Rochedo,12
 Santa Rita do Pardo,12
 S�o Gabriel do Oeste,12
 Selv�ria,12
 Sete Quedas,12
 Sidrol�ndia,12
 Sonora,12
 Tacuru,12
 Taquarussu,12
 Terenos,12
 Tr�s Lagoas,12
 Vicentina,12
 Abadia dos Dourados,11
 Abaet�,11
 Abre Campo,11
 Acaiaca,11
 A�ucena,11
 �gua Boa,11
 �gua Comprida,11
 Aguanil,11
 �guas Formosas,11
 �guas Vermelhas,11
 Aimor�s,11
 Aiuruoca,11
 Alagoa,11
 Albertina,11
 Al�m Para�ba,11
 Alfenas,11
 Alfredo Vasconcelos,11
 Almenara,11
 Alpercata,11
 Alpin�polis,11
 Alterosa,11
 Alto Capara�,11
 Alto Jequitib�,11
 Alto Rio Doce,11
 Alvarenga,11
 Alvin�polis,11
 Alvorada de Minas,11
 Amparo do Serra,11
 Andradas,11
 Andrel�ndia,11
 Angel�ndia,11
 Ant�nio Carlos,11
 Ant�nio Dias,11
 Ant�nio Prado de Minas,11
 Ara�a�,11
 Aracitaba,11
 Ara�ua�,11
 Araguari,11
 Arantina,11
 Araponga,11
 Arapor�,11
 Arapu�,11
 Ara�jos,11
 Arax�,11
 Arceburgo,11
 Arcos,11
 Areado,11
 Argirita,11
 Aricanduva,11
 Arinos,11
 Astolfo Dutra,11
 Atal�ia,11
 Augusto de Lima,11
 Baependi,11
 Baldim,11
 Bambu�,11
 Bandeira,11
 Bandeira do Sul,11
 Bar�o de Cocais,11
 Bar�o de Monte Alto,11
 Barbacena,11
 Barra Longa,11
 Barroso,11
 Bela Vista de Minas,11
 Belmiro Braga,11
 Belo Horizonte,11
 Belo Oriente,11
 Belo Vale,11
 Berilo,11
 Berizal,11
 Bert�polis,11
 Betim,11
 Bias Fortes,11
 Bicas,11
 Biquinhas,11
 Boa Esperan�a,11
 Bocaina de Minas,11
 Bocai�va,11
 Bom Despacho,11
 Bom Jardim de Minas,11
 Bom Jesus da Penha,11
 Bom Jesus do Amparo,11
 Bom Jesus do Galho,11
 Bom Repouso,11
 Bom Sucesso,11
 Bonfim,11
 Bonfin�polis de Minas,11
 Bonito de Minas,11
 Borda da Mata,11
 Botelhos,11
 Botumirim,11
 Br�s Pires,11
 Brasil�ndia de Minas,11
 Bras�lia de Minas,11
 Bras�polis,11
 Bra�nas,11
 Brumadinho,11
 Bueno Brand�o,11
 Buen�polis,11
 Bugre,11
 Buritis,11
 Buritizeiro,11
 Cabeceira Grande,11
 Cabo Verde,11
 Cachoeira da Prata,11
 Cachoeira de Minas,11
 Cachoeira de Paje�,11
 Cachoeira Dourada,11
 Caetan�polis,11
 Caet�,11
 Caiana,11
 Cajuri,11
 Caldas,11
 Camacho,11
 Camanducaia,11
 Cambu�,11
 Cambuquira,11
 Campan�rio,11
 Campanha,11
 Campestre,11
 Campina Verde,11
 Campo Azul,11
 Campo Belo,11
 Campo do Meio,11
 Campo Florido,11
 Campos Altos,11
 Campos Gerais,11
 Cana Verde,11
 Cana�,11
 Can�polis,11
 Candeias,11
 Cantagalo,11
 Capara�,11
 Capela Nova,11
 Capelinha,11
 Capetinga,11
 Capim Branco,11
 Capin�polis,11
 Capit�o Andrade,11
 Capit�o En�as,11
 Capit�lio,11
 Caputira,11
 Cara�,11
 Carana�ba,11
 Caranda�,11
 Carangola,11
 Caratinga,11
 Carbonita,11
 Carea�u,11
 Carlos Chagas,11
 Carm�sia,11
 Carmo da Cachoeira,11
 Carmo da Mata,11
 Carmo de Minas,11
 Carmo do Cajuru,11
 Carmo do Parana�ba,11
 Carmo do Rio Claro,11
 Carm�polis de Minas,11
 Carneirinho,11
 Carrancas,11
 Carvalh�polis,11
 Carvalhos,11
 Casa Grande,11
 Cascalho Rico,11
 C�ssia,11
 Cataguases,11
 Catas Altas,11
 Catas Altas da Noruega,11
 Catuji,11
 Catuti,11
 Caxambu,11
 Cedro do Abaet�,11
 Central de Minas,11
 Centralina,11
 Ch�cara,11
 Chal�,11
 Chapada do Norte,11
 Chapada Ga�cha,11
 Chiador,11
 Cipot�nea,11
 Claraval,11
 Claro dos Po��es,11
 Cl�udio,11
 Coimbra,11
 Coluna,11
 Comendador Gomes,11
 Comercinho,11
 Concei��o da Aparecida,11
 Concei��o da Barra de Minas,11
 Concei��o das Alagoas,11
 Concei��o das Pedras,11
 Concei��o de Ipanema,11
 Concei��o do Mato Dentro,11
 Concei��o do Par�,11
 Concei��o do Rio Verde,11
 Concei��o dos Ouros,11
 C�nego Marinho,11
 Confins,11
 Congonhal,11
 Congonhas,11
 Congonhas do Norte,11
 Conquista,11
 Conselheiro Lafaiete,11
 Conselheiro Pena,11
 Consola��o,11
 Contagem,11
 Coqueiral,11
 Cora��o de Jesus,11
 Cordisburgo,11
 Cordisl�ndia,11
 Corinto,11
 Coroaci,11
 Coromandel,11
 Coronel Fabriciano,11
 Coronel Murta,11
 Coronel Pacheco,11
 Coronel Xavier Chaves,11
 C�rrego Danta,11
 C�rrego do Bom Jesus,11
 C�rrego Fundo,11
 C�rrego Novo,11
 Couto de Magalh�es de Minas,11
 Cris�lita,11
 Cristais,11
 Crist�lia,11
 Cristiano Otoni,11
 Cristina,11
 Crucil�ndia,11
 Cruzeiro da Fortaleza,11
 Cruz�lia,11
 Cuparaque,11
 Curral de Dentro,11
 Curvelo,11
 Datas,11
 Delfim Moreira,11
 Delfin�polis,11
 Delta,11
 Descoberto,11
 Desterro de Entre Rios,11
 Desterro do Melo,11
 Diamantina,11
 Diogo de Vasconcelos,11
 Dion�sio,11
 Divin�sia,11
 Divino,11
 Divino das Laranjeiras,11
 Divinol�ndia de Minas,11
 Divin�polis,11
 Divisa Alegre,11
 Divisa Nova,11
 Divis�polis,11
 Dom Bosco,11
 Dom Cavati,11
 Dom Joaquim,11
 Dom Silv�rio,11
 Dom Vi�oso,11
 Dona Eus�bia,11
 Dores de Campos,11
 Dores de Guanh�es,11
 Dores do Indai�,11
 Dores do Turvo,11
 Dores�polis,11
 Douradoquara,11
 Durand�,11
 El�i Mendes,11
 Engenheiro Caldas,11
 Engenheiro Navarro,11
 Entre Folhas,11
 Entre Rios de Minas,11
 Erv�lia,11
 Esmeraldas,11
 Espera Feliz,11
 Espinosa,11
 Esp�rito Santo do Dourado,11
 Estiva,11
 Estrela Dalva,11
 Estrela do Indai�,11
 Estrela do Sul,11
 Eugen�polis,11
 Ewbank da C�mara,11
 Extrema,11
 Fama,11
 Faria Lemos,11
 Fel�cio dos Santos,11
 Felisburgo,11
 Felixl�ndia,11
 Fernandes Tourinho,11
 Ferros,11
 Fervedouro,11
 Florestal,11
 Formiga,11
 Formoso,11
 Fortaleza de Minas,11
 Fortuna de Minas,11
 Francisco Badar�,11
 Francisco Dumont,11
 Francisco S�,11
 Francisc�polis,11
 Frei Gaspar,11
 Frei Inoc�ncio,11
 Frei Lagonegro,11
 Fronteira,11
 Fronteira dos Vales,11
 Fruta de Leite,11
 Frutal,11
 Funil�ndia,11
 Galil�ia,11
 Gameleiras,11
 Glaucil�ndia,11
 Goiabeira,11
 Goian�,11
 Gon�alves,11
 Gonzaga,11
 Gouveia,11
 Governador Valadares,11
 Gr�o Mogol,11
 Grupiara,11
 Guanh�es,11
 Guap�,11
 Guaraciaba,11
 Guaraciama,11
 Guaran�sia,11
 Guarani,11
 Guarar�,11
 Guarda-Mor,11
 Guaxup�,11
 Guidoval,11
 Guimar�nia,11
 Guiricema,11
 Gurinhat�,11
 Heliodora,11
 Iapu,11
 Ibertioga,11
 Ibi�,11
 Ibia�,11
 Ibiracatu,11
 Ibiraci,11
 Ibirit�,11
 Ibiti�ra de Minas,11
 Ibituruna,11
 Icara� de Minas,11
 Igarap�,11
 Igaratinga,11
 Iguatama,11
 Ijaci,11
 Ilic�nea,11
 Imb� de Minas,11
 Inconfidentes,11
 Indaiabira,11
 Indian�polis,11
 Inga�,11
 Inhapim,11
 Inha�ma,11
 Inimutaba,11
 Ipaba,11
 Ipanema,11
 Ipatinga,11
 Ipia�u,11
 Ipui�na,11
 Ira� de Minas,11
 Itabira,11
 Itabirinha de Mantena,11
 Itabirito,11
 Itacambira,11
 Itacarambi,11
 Itaguara,11
 Itaip�,11
 Itajub�,11
 Itamarandiba,11
 Itamarati de Minas,11
 Itambacuri,11
 Itamb� do Mato Dentro,11
 Itamogi,11
 Itamonte,11
 Itanhandu,11
 Itanhomi,11
 Itaobim,11
 Itapagipe,11
 Itapecerica,11
 Itapeva,11
 Itatiaiu�u,11
 Ita� de Minas,11
 Ita�na,11
 Itaverava,11
 Itinga,11
 Itueta,11
 Ituiutaba,11
 Itumirim,11
 Iturama,11
 Itutinga,11
 Jaboticatubas,11
 Jacinto,11
 Jacu�,11
 Jacutinga,11
 Jaguara�u,11
 Ja�ba,11
 Jampruca,11
 Jana�ba,11
 Janu�ria,11
 Japara�ba,11
 Japonvar,11
 Jeceaba,11
 Jenipapo de Minas,11
 Jequeri,11
 Jequita�,11
 Jequitib�,11
 Jequitinhonha,11
 Jesu�nia,11
 Joa�ma,11
 Joan�sia,11
 Jo�o Monlevade,11
 Jo�o Pinheiro,11
 Joaquim Fel�cio,11
 Jord�nia,11
 Jos� Gon�alves de Minas,11
 Jos� Raydan,11
 Josen�polis,11
 Juatuba,11
 Juiz de Fora,11
 Juramento,11
 Juruaia,11
 Juven�lia,11
 Ladainha,11
 Lagamar,11
 Lagoa da Prata,11
 Lagoa dos Patos,11
 Lagoa Dourada,11
 Lagoa Formosa,11
 Lagoa Grande,11
 Lagoa Santa,11
 Lajinha,11
 Lambari,11
 Lamim,11
 Laranjal,11
 Lassance,11
 Lavras,11
 Leandro Ferreira,11
 Leme do Prado,11
 Leopoldina,11
 Liberdade,11
 Lima Duarte,11
 Limeira do Oeste,11
 Lontra,11
 Luisburgo,11
 Luisl�ndia,11
 Lumin�rias,11
 Luz,11
 Machacalis,11
 Machado,11
 Madre de Deus de Minas,11
 Malacacheta,11
 Mamonas,11
 Manga,11
 Manhua�u,11
 Manhumirim,11
 Mantena,11
 Mar de Espanha,11
 Maravilhas,11
 Maria da F�,11
 Mariana,11
 Marilac,11
 M�rio Campos,11
 Marip� de Minas,11
 Marli�ria,11
 Marmel�polis,11
 Martinho Campos,11
 Martins Soares,11
 Mata Verde,11
 Materl�ndia,11
 Mateus Leme,11
 Mathias Lobato,11
 Matias Barbosa,11
 Matias Cardoso,11
 Matip�,11
 Mato Verde,11
 Matozinhos,11
 Matutina,11
 Medeiros,11
 Medina,11
 Mendes Pimentel,11
 Merc�s,11
 Mesquita,11
 Minas Novas,11
 Minduri,11
 Mirabela,11
 Miradouro,11
 Mira�,11
 Mirav�nia,11
 Moeda,11
 Moema,11
 Monjolos,11
 Monsenhor Paulo,11
 Montalv�nia,11
 Monte Alegre de Minas,11
 Monte Azul,11
 Monte Belo,11
 Monte Carmelo,11
 Monte Formoso,11
 Monte Santo de Minas,11
 Monte Si�o,11
 Montes Claros,11
 Montezuma,11
 Morada Nova de Minas,11
 Morro da Gar�a,11
 Morro do Pilar,11
 Munhoz,11
 Muria�,11
 Mutum,11
 Muzambinho,11
 Nacip Raydan,11
 Nanuque,11
 Naque,11
 Natal�ndia,11
 Nat�rcia,11
 Nazareno,11
 Nepomuceno,11
 Ninheira,11
 Nova Bel�m,11
 Nova Era,11
 Nova Lima,11
 Nova M�dica,11
 Nova Ponte,11
 Nova Porteirinha,11
 Nova Resende,11
 Nova Serrana,11
 Nova Uni�o,11
 Novo Cruzeiro,11
 Novo Oriente de Minas,11
 Novorizonte,11
 Olaria,11
 Olhos-d`�gua,11
 Ol�mpio Noronha,11
 Oliveira,11
 Oliveira Fortes,11
 On�a de Pitangui,11
 Orat�rios,11
 Oriz�nia,11
 Ouro Branco,11
 Ouro Fino,11
 Ouro Preto,11
 Ouro Verde de Minas,11
 Padre Carvalho,11
 Padre Para�so,11
 Pai Pedro,11
 Paineiras,11
 Pains,11
 Paiva,11
 Palma,11
 Palm�polis,11
 Papagaios,11
 Par� de Minas,11
 Paracatu,11
 Paragua�u,11
 Parais�polis,11
 Paraopeba,11
 Passa Quatro,11
 Passa Tempo,11
 Passab�m,11
 Passa-Vinte,11
 Passos,11
 Patis,11
 Patos de Minas,11
 Patroc�nio,11
 Patroc�nio do Muria�,11
 Paula C�ndido,11
 Paulistas,11
 Pav�o,11
 Pe�anha,11
 Pedra Azul,11
 Pedra Bonita,11
 Pedra do Anta,11
 Pedra do Indai�,11
 Pedra Dourada,11
 Pedralva,11
 Pedras de Maria da Cruz,11
 Pedrin�polis,11
 Pedro Leopoldo,11
 Pedro Teixeira,11
 Pequeri,11
 Pequi,11
 Perdig�o,11
 Perdizes,11
 Perd�es,11
 Periquito,11
 Pescador,11
 Piau,11
 Piedade de Caratinga,11
 Piedade de Ponte Nova,11
 Piedade do Rio Grande,11
 Piedade dos Gerais,11
 Pimenta,11
 Pingo-d`�gua,11
 Pint�polis,11
 Piracema,11
 Pirajuba,11
 Piranga,11
 Pirangu�u,11
 Piranguinho,11
 Pirapetinga,11
 Pirapora,11
 Pira�ba,11
 Pitangui,11
 Piumhi,11
 Planura,11
 Po�o Fundo,11
 Po�os de Caldas,11
 Pocrane,11
 Pomp�u,11
 Ponte Nova,11
 Ponto Chique,11
 Ponto dos Volantes,11
 Porteirinha,11
 Porto Firme,11
 Pot�,11
 Pouso Alegre,11
 Pouso Alto,11
 Prados,11
 Prata,11
 Prat�polis,11
 Pratinha,11
 Presidente Bernardes,11
 Presidente Juscelino,11
 Presidente Kubitschek,11
 Presidente Oleg�rio,11
 Prudente de Morais,11
 Quartel Geral,11
 Queluzito,11
 Raposos,11
 Raul Soares,11
 Recreio,11
 Reduto,11
 Resende Costa,11
 Resplendor,11
 Ressaquinha,11
 Riachinho,11
 Riacho dos Machados,11
 Ribeir�o das Neves,11
 Ribeir�o Vermelho,11
 Rio Acima,11
 Rio Casca,11
 Rio do Prado,11
 Rio Doce,11
 Rio Espera,11
 Rio Manso,11
 Rio Novo,11
 Rio Parana�ba,11
 Rio Pardo de Minas,11
 Rio Piracicaba,11
 Rio Pomba,11
 Rio Preto,11
 Rio Vermelho,11
 Rit�polis,11
 Rochedo de Minas,11
 Rodeiro,11
 Romaria,11
 Ros�rio da Limeira,11
 Rubelita,11
 Rubim,11
 Sabar�,11
 Sabin�polis,11
 Sacramento,11
 Salinas,11
 Salto da Divisa,11
 Santa B�rbara,11
 Santa B�rbara do Leste,11
 Santa B�rbara do Monte Verde,11
 Santa B�rbara do Tug�rio,11
 Santa Cruz de Minas,11
 Santa Cruz de Salinas,11
 Santa Cruz do Escalvado,11
 Santa Efig�nia de Minas,11
 Santa F� de Minas,11
 Santa Helena de Minas,11
 Santa Juliana,11
 Santa Luzia,11
 Santa Margarida,11
 Santa Maria de Itabira,11
 Santa Maria do Salto,11
 Santa Maria do Sua�u�,11
 Santa Rita de Caldas,11
 Santa Rita de Ibitipoca,11
 Santa Rita de Jacutinga,11
 Santa Rita de Minas,11
 Santa Rita do Itueto,11
 Santa Rita do Sapuca�,11
 Santa Rosa da Serra,11
 Santa Vit�ria,11
 Santana da Vargem,11
 Santana de Cataguases,11
 Santana de Pirapama,11
 Santana do Deserto,11
 Santana do Garamb�u,11
 Santana do Jacar�,11
 Santana do Manhua�u,11
 Santana do Para�so,11
 Santana do Riacho,11
 Santana dos Montes,11
 Santo Ant�nio do Amparo,11
 Santo Ant�nio do Aventureiro,11
 Santo Ant�nio do Grama,11
 Santo Ant�nio do Itamb�,11
 Santo Ant�nio do Jacinto,11
 Santo Ant�nio do Monte,11
 Santo Ant�nio do Retiro,11
 Santo Ant�nio do Rio Abaixo,11
 Santo Hip�lito,11
 Santos Dumont,11
 S�o Bento Abade,11
 S�o Br�s do Sua�u�,11
 S�o Domingos das Dores,11
 S�o Domingos do Prata,11
 S�o F�lix de Minas,11
 S�o Francisco,11
 S�o Francisco de Paula,11
 S�o Francisco de Sales,11
 S�o Francisco do Gl�ria,11
 S�o Geraldo,11
 S�o Geraldo da Piedade,11
 S�o Geraldo do Baixio,11
 S�o Gon�alo do Abaet�,11
 S�o Gon�alo do Par�,11
 S�o Gon�alo do Rio Abaixo,11
 S�o Gon�alo do Rio Preto,11
 S�o Gon�alo do Sapuca�,11
 S�o Gotardo,11
 S�o Jo�o Batista do Gl�ria,11
 S�o Jo�o da Lagoa,11
 S�o Jo�o da Mata,11
 S�o Jo�o da Ponte,11
 S�o Jo�o das Miss�es,11
 S�o Jo�o del Rei,11
 S�o Jo�o do Manhua�u,11
 S�o Jo�o do Manteninha,11
 S�o Jo�o do Oriente,11
 S�o Jo�o do Pacu�,11
 S�o Jo�o do Para�so,11
 S�o Jo�o Evangelista,11
 S�o Jo�o Nepomuceno,11
 S�o Joaquim de Bicas,11
 S�o Jos� da Barra,11
 S�o Jos� da Lapa,11
 S�o Jos� da Safira,11
 S�o Jos� da Varginha,11
 S�o Jos� do Alegre,11
 S�o Jos� do Divino,11
 S�o Jos� do Goiabal,11
 S�o Jos� do Jacuri,11
 S�o Jos� do Mantimento,11
 S�o Louren�o,11
 S�o Miguel do Anta,11
 S�o Pedro da Uni�o,11
 S�o Pedro do Sua�u�,11
 S�o Pedro dos Ferros,11
 S�o Rom�o,11
 S�o Roque de Minas,11
 S�o Sebasti�o da Bela Vista,11
 S�o Sebasti�o da Vargem Alegre,11
 S�o Sebasti�o do Anta,11
 S�o Sebasti�o do Maranh�o,11
 S�o Sebasti�o do Oeste,11
 S�o Sebasti�o do Para�so,11
 S�o Sebasti�o do Rio Preto,11
 S�o Sebasti�o do Rio Verde,11
 S�o Thom� das Letras,11
 S�o Tiago,11
 S�o Tom�s de Aquino,11
 S�o Vicente de Minas,11
 Sapuca�-Mirim,11
 Sardo�,11
 Sarzedo,11
 Sem-Peixe,11
 Senador Amaral,11
 Senador Cortes,11
 Senador Firmino,11
 Senador Jos� Bento,11
 Senador Modestino Gon�alves,11
 Senhora de Oliveira,11
 Senhora do Porto,11
 Senhora dos Rem�dios,11
 Sericita,11
 Seritinga,11
 Serra Azul de Minas,11
 Serra da Saudade,11
 Serra do Salitre,11
 Serra dos Aimor�s,11
 Serrania,11
 Serran�polis de Minas,11
 Serranos,11
 Serro,11
 Sete Lagoas,11
 Setubinha,11
 Silveir�nia,11
 Silvian�polis,11
 Sim�o Pereira,11
 Simon�sia,11
 Sobr�lia,11
 Soledade de Minas,11
 Tabuleiro,11
 Taiobeiras,11
 Taparuba,11
 Tapira,11
 Tapira�,11
 Taquara�u de Minas,11
 Tarumirim,11
 Teixeiras,11
 Te�filo Otoni,11
 Tim�teo,11
 Tiradentes,11
 Tiros,11
 Tocantins,11
 Tocos do Moji,11
 Toledo,11
 Tombos,11
 Tr�s Cora��es,11
 Tr�s Marias,11
 Tr�s Pontas,11
 Tumiritinga,11
 Tupaciguara,11
 Turmalina,11
 Turvol�ndia,11
 Ub�,11
 Uba�,11
 Ubaporanga,11
 Uberaba,11
 Uberl�ndia,11
 Umburatiba,11
 Una�,11
 Uni�o de Minas,11
 Uruana de Minas,11
 Uruc�nia,11
 Urucuia,11
 Vargem Alegre,11
 Vargem Bonita,11
 Vargem Grande do Rio Pardo,11
 Varginha,11
 Varj�o de Minas,11
 V�rzea da Palma,11
 Varzel�ndia,11
 Vazante,11
 Verdel�ndia,11
 Veredinha,11
 Ver�ssimo,11
 Vermelho Novo,11
 Vespasiano,11
 Vi�osa,11
 Vieiras,11
 Virgem da Lapa,11
 Virg�nia,11
 Virgin�polis,11
 Virgol�ndia,11
 Visconde do Rio Branco,11
 Volta Grande,11
 Wenceslau Braz,11
 Abaetetuba,14
 Abel Figueiredo,14
 Acar�,14
 Afu�,14
 �gua Azul do Norte,14
 Alenquer,14
 Almeirim,14
 Altamira,14
 Anaj�s,14
 Ananindeua,14
 Anapu,14
 Augusto Corr�a,14
 Aurora do Par�,14
 Aveiro,14
 Bagre,14
 Bai�o,14
 Bannach,14
 Barcarena,14
 Bel�m,14
 Belterra,14
 Benevides,14
 Bom Jesus do Tocantins,14
 Bonito,14
 Bragan�a,14
 Brasil Novo,14
 Brejo Grande do Araguaia,14
 Breu Branco,14
 Breves,14
 Bujaru,14
 Cachoeira do Arari,14
 Cachoeira do Piri�,14
 Camet�,14
 Cana� dos Caraj�s,14
 Capanema,14
 Capit�o Po�o,14
 Castanhal,14
 Chaves,14
 Colares,14
 Concei��o do Araguaia,14
 Conc�rdia do Par�,14
 Cumaru do Norte,14
 Curion�polis,14
 Curralinho,14
 Curu�,14
 Curu��,14
 Dom Eliseu,14
 Eldorado dos Caraj�s,14
 Faro,14
 Floresta do Araguaia,14
 Garraf�o do Norte,14
 Goian�sia do Par�,14
 Gurup�,14
 Igarap�-A�u,14
 Igarap�-Miri,14
 Inhangapi,14
 Ipixuna do Par�,14
 Irituia,14
 Itaituba,14
 Itupiranga,14
 Jacareacanga,14
 Jacund�,14
 Juruti,14
 Limoeiro do Ajuru,14
 M�e do Rio,14
 Magalh�es Barata,14
 Marab�,14
 Maracan�,14
 Marapanim,14
 Marituba,14
 Medicil�ndia,14
 Melga�o,14
 Mocajuba,14
 Moju,14
 Monte Alegre,14
 Muan�,14
 Nova Esperan�a do Piri�,14
 Nova Ipixuna,14
 Nova Timboteua,14
 Novo Progresso,14
 Novo Repartimento,14
 �bidos,14
 Oeiras do Par�,14
 Oriximin�,14
 Our�m,14
 Ouril�ndia do Norte,14
 Pacaj�,14
 Palestina do Par�,14
 Paragominas,14
 Parauapebas,14
 Pau d`Arco,14
 Peixe-Boi,14
 Pi�arra,14
 Placas,14
 Ponta de Pedras,14
 Portel,14
 Porto de Moz,14
 Prainha,14
 Primavera,14
 Quatipuru,14
 Reden��o,14
 Rio Maria,14
 Rondon do Par�,14
 Rur�polis,14
 Salin�polis,14
 Salvaterra,14
 Santa B�rbara do Par�,14
 Santa Cruz do Arari,14
 Santa Isabel do Par�,14
 Santa Luzia do Par�,14
 Santa Maria das Barreiras,14
 Santa Maria do Par�,14
 Santana do Araguaia,14
 Santar�m,14
 Santar�m Novo,14
 Santo Ant�nio do Tau�,14
 S�o Caetano de Odivelas,14
 S�o Domingos do Araguaia,14
 S�o Domingos do Capim,14
 S�o F�lix do Xingu,14
 S�o Francisco do Par�,14
 S�o Geraldo do Araguaia,14
 S�o Jo�o da Ponta,14
 S�o Jo�o de Pirabas,14
 S�o Jo�o do Araguaia,14
 S�o Miguel do Guam�,14
 S�o Sebasti�o da Boa Vista,14
 Sapucaia,14
 Senador Jos� Porf�rio,14
 Soure,14
 Tail�ndia,14
 Terra Alta,14
 Terra Santa,14
 Tom�-A�u,14
 Tracuateua,14
 Trair�o,14
 Tucum�,14
 Tucuru�,14
 Ulian�polis,14
 Uruar�,14
 Vigia,14
 Viseu,14
 Vit�ria do Xingu,14
 Xinguara,14
 �gua Branca,15
 Aguiar,15
 Alagoa Grande,15
 Alagoa Nova,15
 Alagoinha,15
 Alcantil,15
 Algod�o de Janda�ra,15
 Alhandra,15
 Amparo,15
 Aparecida,15
 Ara�agi,15
 Arara,15
 Araruna,15
 Areia,15
 Areia de Bara�nas,15
 Areial,15
 Aroeiras,15
 Assun��o,15
 Ba�a da Trai��o,15
 Bananeiras,15
 Bara�na,15
 Barra de Santa Rosa,15
 Barra de Santana,15
 Barra de S�o Miguel,15
 Bayeux,15
 Bel�m,15
 Bel�m do Brejo do Cruz,15
 Bernardino Batista,15
 Boa Ventura,15
 Boa Vista,15
 Bom Jesus,15
 Bom Sucesso,15
 Bonito de Santa F�,15
 Boqueir�o,15
 Borborema,15
 Brejo do Cruz,15
 Brejo dos Santos,15
 Caapor�,15
 Cabaceiras,15
 Cabedelo,15
 Cachoeira dos �ndios,15
 Cacimba de Areia,15
 Cacimba de Dentro,15
 Cacimbas,15
 Cai�ara,15
 Cajazeiras,15
 Cajazeirinhas,15
 Caldas Brand�o,15
 Camala�,15
 Campina Grande,15
 Campo de Santana,15
 Capim,15
 Cara�bas,15
 Carrapateira,15
 Casserengue,15
 Catingueira,15
 Catol� do Rocha,15
 Caturit�,15
 Concei��o,15
 Condado,15
 Conde,15
 Congo,15
 Coremas,15
 Coxixola,15
 Cruz do Esp�rito Santo,15
 Cubati,15
 Cuit�,15
 Cuit� de Mamanguape,15
 Cuitegi,15
 Curral de Cima,15
 Curral Velho,15
 Dami�o,15
 Desterro,15
 Diamante,15
 Dona In�s,15
 Duas Estradas,15
 Emas,15
 Esperan�a,15
 Fagundes,15
 Frei Martinho,15
 Gado Bravo,15
 Guarabira,15
 Gurinh�m,15
 Gurj�o,15
 Ibiara,15
 Igaracy,15
 Imaculada,15
 Ing�,15
 Itabaiana,15
 Itaporanga,15
 Itapororoca,15
 Itatuba,15
 Jacara�,15
 Jeric�,15
 Jo�o Pessoa,15
 Juarez T�vora,15
 Juazeirinho,15
 Junco do Serid�,15
 Juripiranga,15
 Juru,15
 Lagoa,15
 Lagoa de Dentro,15
 Lagoa Seca,15
 Lastro,15
 Livramento,15
 Logradouro,15
 Lucena,15
 M�e d`�gua,15
 Malta,15
 Mamanguape,15
 Mana�ra,15
 Marca��o,15
 Mari,15
 Mariz�polis,15
 Massaranduba,15
 Mataraca,15
 Matinhas,15
 Mato Grosso,15
 Matur�ia,15
 Mogeiro,15
 Montadas,15
 Monte Horebe,15
 Monteiro,15
 Mulungu,15
 Natuba,15
 Nazarezinho,15
 Nova Floresta,15
 Nova Olinda,15
 Nova Palmeira,15
 Olho d`�gua,15
 Olivedos,15
 Ouro Velho,15
 Parari,15
 Passagem,15
 Patos,15
 Paulista,15
 Pedra Branca,15
 Pedra Lavrada,15
 Pedras de Fogo,15
 Pedro R�gis,15
 Pianc�,15
 Picu�,15
 Pilar,15
 Pil�es,15
 Pil�ezinhos,15
 Pirpirituba,15
 Pitimbu,15
 Pocinhos,15
 Po�o Dantas,15
 Po�o de Jos� de Moura,15
 Pombal,15
 Prata,15
 Princesa Isabel,15
 Puxinan�,15
 Queimadas,15
 Quixab�,15
 Rem�gio,15
 Riach�o,15
 Riach�o do Bacamarte,15
 Riach�o do Po�o,15
 Riacho de Santo Ant�nio,15
 Riacho dos Cavalos,15
 Rio Tinto,15
 Salgadinho,15
 Salgado de S�o F�lix,15
 Santa Cec�lia,15
 Santa Cruz,15
 Santa Helena,15
 Santa In�s,15
 Santa Luzia,15
 Santa Rita,15
 Santa Teresinha,15
 Santana de Mangueira,15
 Santana dos Garrotes,15
 Santar�m,15
 Santo Andr�,15
 S�o Bentinho,15
 S�o Bento,15
 S�o Domingos de Pombal,15
 S�o Domingos do Cariri,15
 S�o Francisco,15
 S�o Jo�o do Cariri,15
 S�o Jo�o do Rio do Peixe,15
 S�o Jo�o do Tigre,15
 S�o Jos� da Lagoa Tapada,15
 S�o Jos� de Caiana,15
 S�o Jos� de Espinharas,15
 S�o Jos� de Piranhas,15
 S�o Jos� dePrincesa,15
 S�o Jos� do Bonfim,15
 S�o Jos� do Brejo do Cruz,15
 S�o Jos� do Sabugi,15
 S�o Jos� dos Cordeiros,15
 S�o Jos� dos Ramos,15
 S�o Mamede,15
 S�o Miguel de Taipu,15
 S�o Sebasti�o de Lagoa de ro�a,15
 S�o Sebasti�o do Umbuzeiro,15
 Sap�,15
 Serid�,15
 Serra Branca,15
 Serra da Raiz,15
 Serra Grande,15
 Serra Redonda,15
 Serraria,15
 Sert�ozinho,15
 Sobrado,15
 Sol�nea,15
 Soledade,15
 Soss�go,15
 Sousa,15
 Sum�,15
 Tapero�,15
 Tavares,15
 Teixeira,15
 Ten�rio,15
 Triunfo,15
 Uira�na,15
 Umbuzeiro,15
 V�rzea,15
 Vieir�polis,15
 Vista Serrana,15
 Zabel�,15
 Abati�,18
 Adrian�polis,18
 Agudos do Sul,18
 Almirante Tamandar�,18
 Altamira do Paran�,18
 Alto Para�so,18
 Alto Paran�,18
 Alto Piquiri,18
 Alt�nia,18
 Alvorada do Sul,18
 Amapor�,18
 Amp�re,18
 Anahy,18
 Andir�,18
 �ngulo,18
 Antonina,18
 Ant�nio Olinto,18
 Apucarana,18
 Arapongas,18
 Arapoti,18
 Arapu�,18
 Araruna,18
 Arauc�ria,18
 Ariranha do Iva�,18
 Assa�,18
 Assis Chateaubriand,18
 Astorga,18
 Atalaia,18
 Balsa Nova,18
 Bandeirantes,18
 Barbosa Ferraz,18
 Barra do Jacar�,18
 Barrac�o,18
 Bela Vista da Caroba,18
 Bela Vista do Para�so,18
 Bituruna,18
 Boa Esperan�a,18
 Boa Esperan�a do Igua�u,18
 Boa Ventura de S�o Roque,18
 Boa Vista da Aparecida,18
 Bocai�va do Sul,18
 Bom Jesus do Sul,18
 Bom Sucesso,18
 Bom Sucesso do Sul,18
 Borraz�polis,18
 Braganey,18
 Brasil�ndia do Sul,18
 Cafeara,18
 Cafel�ndia,18
 Cafezal do Sul,18
 Calif�rnia,18
 Cambar�,18
 Camb�,18
 Cambira,18
 Campina da Lagoa,18
 Campina do Sim�o,18
 Campina Grande do Sul,18
 Campo Bonito,18
 Campo do Tenente,18
 Campo Largo,18
 Campo Magro,18
 Campo Mour�o,18
 C�ndido de Abreu,18
 Cand�i,18
 Cantagalo,18
 Capanema,18
 Capit�o Le�nidas Marques,18
 Carambe�,18
 Carl�polis,18
 Cascavel,18
 Castro,18
 Catanduvas,18
 Centen�rio do Sul,18
 Cerro Azul,18
 C�u Azul,18
 Chopinzinho,18
 Cianorte,18
 Cidade Ga�cha,18
 Clevel�ndia,18
 Colombo,18
 Colorado,18
 Congonhinhas,18
 Conselheiro Mairinck,18
 Contenda,18
 Corb�lia,18
 Corn�lio Proc�pio,18
 Coronel Domingos Soares,18
 Coronel Vivida,18
 Corumbata� do Sul,18
 Cruz Machado,18
 Cruzeiro do Igua�u,18
 Cruzeiro do Oeste,18
 Cruzeiro do Sul,18
 Cruzmaltina,18
 Curitiba,18
 Curi�va,18
 Diamante d`Oeste,18
 Diamante do Norte,18
 Diamante do Sul,18
 Dois Vizinhos,18
 Douradina,18
 Doutor Camargo,18
 Doutor Ulysses,18
 En�as Marques,18
 Engenheiro Beltr�o,18
 Entre Rios do Oeste,18
 Esperan�a Nova,18
 Espig�o Alto do Igua�u,18
 Farol,18
 Faxinal,18
 Fazenda Rio Grande,18
 F�nix,18
 Fernandes Pinheiro,18
 Figueira,18
 Flor da Serra do Sul,18
 Flora�,18
 Floresta,18
 Florest�polis,18
 Fl�rida,18
 Formosa do Oeste,18
 Foz do Igua�u,18
 Foz do Jord�o,18
 Francisco Alves,18
 Francisco Beltr�o,18
 General Carneiro,18
 Godoy Moreira,18
 Goioer�,18
 Goioxim,18
 Grandes Rios,18
 Gua�ra,18
 Guaira��,18
 Guamiranga,18
 Guapirama,18
 Guaporema,18
 Guaraci,18
 Guarania�u,18
 Guarapuava,18
 Guaraque�aba,18
 Guaratuba,18
 Hon�rio Serpa,18
 Ibaiti,18
 Ibema,18
 Ibipor�,18
 Icara�ma,18
 Iguara�u,18
 Iguatu,18
 Imba�,18
 Imbituva,18
 In�cio Martins,18
 Inaj�,18
 Indian�polis,18
 Ipiranga,18
 Ipor�,18
 Iracema do Oeste,18
 Irati,18
 Iretama,18
 Itaguaj�,18
 Itaipul�ndia,18
 Itambarac�,18
 Itamb�,18
 Itapejara d`Oeste,18
 Itaperu�u,18
 Ita�na do Sul,18
 Iva�,18
 Ivaipor�,18
 Ivat�,18
 Ivatuba,18
 Jaboti,18
 Jacarezinho,18
 Jaguapit�,18
 Jaguaria�va,18
 Jandaia do Sul,18
 Jani�polis,18
 Japira,18
 Japur�,18
 Jardim Alegre,18
 Jardim Olinda,18
 Jataizinho,18
 Jesu�tas,18
 Joaquim T�vora,18
 Jundia� do Sul,18
 Juranda,18
 Jussara,18
 Kalor�,18
 Lapa,18
 Laranjal,18
 Laranjeiras do Sul,18
 Le�polis,18
 Lidian�polis,18
 Lindoeste,18
 Loanda,18
 Lobato,18
 Londrina,18
 Luiziana,18
 Lunardelli,18
 Lupion�polis,18
 Mallet,18
 Mambor�,18
 Mandagua�u,18
 Mandaguari,18
 Mandirituba,18
 Manfrin�polis,18
 Mangueirinha,18
 Manoel Ribas,18
 Marechal C�ndido Rondon,18
 Maria Helena,18
 Marialva,18
 Maril�ndia do Sul,18
 Marilena,18
 Mariluz,18
 Maring�,18
 Mari�polis,18
 Marip�,18
 Marmeleiro,18
 Marquinho,18
 Marumbi,18
 Matel�ndia,18
 Matinhos,18
 Mato Rico,18
 Mau� da Serra,18
 Medianeira,18
 Mercedes,18
 Mirador,18
 Miraselva,18
 Missal,18
 Moreira Sales,18
 Morretes,18
 Munhoz de Melo,18
 Nossa Senhora das Gra�as,18
 Nova Alian�a do Iva�,18
 Nova Am�rica da Colina,18
 Nova Aurora,18
 Nova Cantu,18
 Nova Esperan�a,18
 Nova Esperan�a do Sudoeste,18
 Nova F�tima,18
 Nova Laranjeiras,18
 Nova Londrina,18
 Nova Ol�mpia,18
 Nova Prata do Igua�u,18
 Nova Santa B�rbara,18
 Nova Santa Rosa,18
 Nova Tebas,18
 Novo Itacolomi,18
 Ortigueira,18
 Ourizona,18
 Ouro Verde do Oeste,18
 Pai�andu,18
 Palmas,18
 Palmeira,18
 Palmital,18
 Palotina,18
 Para�so do Norte,18
 Paranacity,18
 Paranagu�,18
 Paranapoema,18
 Paranava�,18
 Pato Bragado,18
 Pato Branco,18
 Paula Freitas,18
 Paulo Frontin,18
 Peabiru,18
 Perobal,18
 P�rola,18
 P�rola d`Oeste,18
 Pi�n,18
 Pinhais,18
 Pinhal de S�o Bento,18
 Pinhal�o,18
 Pinh�o,18
 Pira� do Sul,18
 Piraquara,18
 Pitanga,18
 Pitangueiras,18
 Planaltina do Paran�,18
 Planalto,18
 Ponta Grossa,18
 Pontal do Paran�,18
 Porecatu,18
 Porto Amazonas,18
 Porto Barreiro,18
 Porto Rico,18
 Porto Vit�ria,18
 Prado Ferreira,18
 Pranchita,18
 Presidente Castelo Branco,18
 Primeiro de Maio,18
 Prudent�polis,18
 Quarto Centen�rio,18
 Quatigu�,18
 Quatro Barras,18
 Quatro Pontes,18
 Quedas do Igua�u,18
 Quer�ncia do Norte,18
 Quinta do Sol,18
 Quitandinha,18
 Ramil�ndia,18
 Rancho Alegre,18
 Rancho Alegre d`Oeste,18
 Realeza,18
 Rebou�as,18
 Renascen�a,18
 Reserva,18
 Reserva do Igua�u,18
 Ribeir�o Claro,18
 Ribeir�o do Pinhal,18
 Rio Azul,18
 Rio Bom,18
 Rio Bonito do Igua�u,18
 Rio Branco do Iva�,18
 Rio Branco do Sul,18
 Rio Negro,18
 Rol�ndia,18
 Roncador,18
 Rondon,18
 Ros�rio do Iva�,18
 Sab�udia,18
 Salgado Filho,18
 Salto do Itarar�,18
 Salto do Lontra,18
 Santa Am�lia,18
 Santa Cec�lia do Pav�o,18
 Santa Cruz de Monte Castelo,18
 Santa F�,18
 Santa Helena,18
 Santa In�s,18
 Santa Isabel do Iva�,18
 Santa Izabel do Oeste,18
 Santa L�cia,18
 Santa Maria do Oeste,18
 Santa Mariana,18
 Santa M�nica,18
 Santa Tereza do Oeste,18
 Santa Terezinha de Itaipu,18
 Santana do Itarar�,18
 Santo Ant�nio da Platina,18
 Santo Ant�nio do Caiu�,18
 Santo Ant�nio do Para�so,18
 Santo Ant�nio do Sudoeste,18
 Santo In�cio,18
 S�o Carlos do Iva�,18
 S�o Jer�nimo da Serra,18
 S�o Jo�o,18
 S�o Jo�o do Caiu�,18
 S�o Jo�o do Iva�,18
 S�o Jo�o do Triunfo,18
 S�o Jorge d`Oeste,18
 S�o Jorge do Iva�,18
 S�o Jorge do Patroc�nio,18
 S�o Jos� da Boa Vista,18
 S�o Jos� das Palmeiras,18
 S�o Jos� dos Pinhais,18
 S�o Manoel do Paran�,18
 S�o Mateus do Sul,18
 S�o Miguel do Igua�u,18
 S�o Pedro do Igua�u,18
 S�o Pedro do Iva�,18
 S�o Pedro do Paran�,18
 S�o Sebasti�o da Amoreira,18
 S�o Tom�,18
 Sapopema,18
 Sarandi,18
 Saudade do Igua�u,18
 Seng�s,18
 Serran�polis do Igua�u,18
 Sertaneja,18
 Sertan�polis,18
 Siqueira Campos,18
 Sulina,18
 Tamarana,18
 Tamboara,18
 Tapejara,18
 Tapira,18
 Teixeira Soares,18
 Tel�maco Borba,18
 Terra Boa,18
 Terra Rica,18
 Terra Roxa,18
 Tibagi,18
 Tijucas do Sul,18
 Toledo,18
 Tomazina,18
 Tr�s Barras do Paran�,18
 Tunas do Paran�,18
 Tuneiras do Oeste,18
 Tup�ssi,18
 Turvo,18
 Ubirat�,18
 Umuarama,18
 Uni�o da Vit�ria,18
 Uniflor,18
 Ura�,18
 Ventania,18
 Vera Cruz do Oeste,18
 Ver�,18
 Virmond,18
 Vitorino,18
 Wenceslau Braz,18
 Xambr�,18
 Abreu e Lima,16
 Afogados da Ingazeira,16
 Afr�nio,16
 Agrestina,16
 �gua Preta,16
 �guas Belas,16
 Alagoinha,16
 Alian�a,16
 Altinho,16
 Amaraji,16
 Angelim,16
 Ara�oiaba,16
 Araripina,16
 Arcoverde,16
 Barra de Guabiraba,16
 Barreiros,16
 Bel�m de Maria,16
 Bel�m de S�o Francisco,16
 Belo Jardim,16
 Bet�nia,16
 Bezerros,16
 Bodoc�,16
 Bom Conselho,16
 Bom Jardim,16
 Bonito,16
 Brej�o,16
 Brejinho,16
 Brejo da Madre de Deus,16
 Buenos Aires,16
 Bu�que,16
 Cabo de Santo Agostinho,16
 Cabrob�,16
 Cachoeirinha,16
 Caet�s,16
 Cal�ado,16
 Calumbi,16
 Camaragibe,16
 Camocim de S�o F�lix,16
 Camutanga,16
 Canhotinho,16
 Capoeiras,16
 Carna�ba,16
 Carnaubeira da Penha,16
 Carpina,16
 Caruaru,16
 Casinhas,16
 Catende,16
 Cedro,16
 Ch� de Alegria,16
 Ch� Grande,16
 Condado,16
 Correntes,16
 Cort�s,16
 Cumaru,16
 Cupira,16
 Cust�dia,16
 Dormentes,16
 Escada,16
 Exu,16
 Feira Nova,16
 Fernando de Noronha,16
 Ferreiros,16
 Flores,16
 Floresta,16
 Frei Miguelinho,16
 Gameleira,16
 Garanhuns,16
 Gl�ria do Goit�,16
 Goiana,16
 Granito,16
 Gravat�,16
 Iati,16
 Ibimirim,16
 Ibirajuba,16
 Igarassu,16
 Iguaraci,16
 Ilha de Itamarac�,16
 Inaj�,16
 Ingazeira,16
 Ipojuca,16
 Ipubi,16
 Itacuruba,16
 Ita�ba,16
 Itamb�,16
 Itapetim,16
 Itapissuma,16
 Itaquitinga,16
 Jaboat�o dos Guararapes,16
 Jaqueira,16
 Jata�ba,16
 Jatob�,16
 Jo�o Alfredo,16
 Joaquim Nabuco,16
 Jucati,16
 Jupi,16
 Jurema,16
 Lagoa do Carro,16
 Lagoa do Itaenga,16
 Lagoa do Ouro,16
 Lagoa dos Gatos,16
 Lagoa Grande,16
 Lajedo,16
 Limoeiro,16
 Macaparana,16
 Machados,16
 Manari,16
 Maraial,16
 Mirandiba,16
 Moreil�ndia,16
 Moreno,16
 Nazar� da Mata,16
 Olinda,16
 Orob�,16
 Oroc�,16
 Ouricuri,16
 Palmares,16
 Palmeirina,16
 Panelas,16
 Paranatama,16
 Parnamirim,16
 Passira,16
 Paudalho,16
 Paulista,16
 Pedra,16
 Pesqueira,16
 Petrol�ndia,16
 Petrolina,16
 Po��o,16
 Pombos,16
 Primavera,16
 Quipap�,16
 Quixaba,16
 Recife,16
 Riacho das Almas,16
 Ribeir�o,16
 Rio Formoso,16
 Sair�,16
 Salgadinho,16
 Salgueiro,16
 Salo�,16
 Sanhar�,16
 Santa Cruz,16
 Santa Cruz da Baixa Verde,16
 Santa Cruz do Capibaribe,16
 Santa Filomena,16
 Santa Maria da Boa Vista,16
 Santa Maria do Cambuc�,16
 Santa Terezinha,16
 S�o Benedito do Sul,16
 S�o Bento do Una,16
 S�o Caitano,16
 S�o Jo�o,16
 S�o Joaquim do Monte,16
 S�o Jos� da Coroa Grande,16
 S�o Jos� do Belmonte,16
 S�o Jos� do Egito,16
 S�o Louren�o da Mata,16
 S�o Vicente Ferrer,16
 Serra Talhada,16
 Serrita,16
 Sert�nia,16
 Sirinha�m,16
 Solid�o,16
 Surubim,16
 Tabira,16
 Tacaimb�,16
 Tacaratu,16
 Tamandar�,16
 Taquaritinga do Norte,16
 Terezinha,16
 Terra Nova,16
 Timba�ba,16
 Toritama,16
 Tracunha�m,16
 Trindade,16
 Triunfo,16
 Tupanatinga,16
 Tuparetama,16
 Venturosa,16
 Verdejante,16
 Vertente do L�rio,16
 Vertentes,16
 Vic�ncia,16
 Vit�ria de Santo Ant�o,16
 Xex�u,16
 Acau�,17
 Agricol�ndia,17
 �gua Branca,17
 Alagoinha do Piau�,17
 Alegrete do Piau�,17
 Alto Long�,17
 Altos,17
 Alvorada do Gurgu�ia,17
 Amarante,17
 Angical do Piau�,17
 An�sio de Abreu,17
 Ant�nio Almeida,17
 Aroazes,17
 Aroeiras do Itaim,17
 Arraial,17
 Assun��o do Piau�,17
 Avelino Lopes,17
 Baixa Grande do Ribeiro,17
 Barra d`Alc�ntara,17
 Barras,17
 Barreiras do Piau�,17
 Barro Duro,17
 Batalha,17
 Bela Vista do Piau�,17
 Bel�m do Piau�,17
 Beneditinos,17
 Bertol�nia,17
 Bet�nia do Piau�,17
 Boa Hora,17
 Bocaina,17
 Bom Jesus,17
 Bom Princ�pio do Piau�,17
 Bonfim do Piau�,17
 Boqueir�o do Piau�,17
 Brasileira,17
 Brejo do Piau�,17
 Buriti dos Lopes,17
 Buriti dos Montes,17
 Cabeceiras do Piau�,17
 Cajazeiras do Piau�,17
 Cajueiro da Praia,17
 Caldeir�o Grande do Piau�,17
 Campinas do Piau�,17
 Campo Alegre do Fidalgo,17
 Campo Grande do Piau�,17
 Campo Largo do Piau�,17
 Campo Maior,17
 Canavieira,17
 Canto do Buriti,17
 Capit�o de Campos,17
 Capit�o Gerv�sio Oliveira,17
 Caracol,17
 Cara�bas do Piau�,17
 Caridade do Piau�,17
 Castelo do Piau�,17
 Caxing�,17
 Cocal,17
 Cocal de Telha,17
 Cocal dos Alves,17
 Coivaras,17
 Col�nia do Gurgu�ia,17
 Col�nia do Piau�,17
 Concei��o do Canind�,17
 Coronel Jos� Dias,17
 Corrente,17
 Cristal�ndia do Piau�,17
 Cristino Castro,17
 Curimat�,17
 Currais,17
 Curral Novo do Piau�,17
 Curralinhos,17
 Demerval Lob�o,17
 Dirceu Arcoverde,17
 Dom Expedito Lopes,17
 Dom Inoc�ncio,17
 Domingos Mour�o,17
 Elesb�o Veloso,17
 Eliseu Martins,17
 Esperantina,17
 Fartura do Piau�,17
 Flores do Piau�,17
 Floresta do Piau�,17
 Floriano,17
 Francin�polis,17
 Francisco Ayres,17
 Francisco Macedo,17
 Francisco Santos,17
 Fronteiras,17
 Geminiano,17
 Gilbu�s,17
 Guadalupe,17
 Guaribas,17
 Hugo Napole�o,17
 Ilha Grande,17
 Inhuma,17
 Ipiranga do Piau�,17
 Isa�as Coelho,17
 Itain�polis,17
 Itaueira,17
 Jacobina do Piau�,17
 Jaic�s,17
 Jardim do Mulato,17
 Jatob� do Piau�,17
 Jerumenha,17
 Jo�o Costa,17
 Joaquim Pires,17
 Joca Marques,17
 Jos� de Freitas,17
 Juazeiro do Piau�,17
 J�lio Borges,17
 Jurema,17
 Lagoa Alegre,17
 Lagoa de S�o Francisco,17
 Lagoa do Barro do Piau�,17
 Lagoa do Piau�,17
 Lagoa do S�tio,17
 Lagoinha do Piau�,17
 Landri Sales,17
 Lu�s Correia,17
 Luzil�ndia,17
 Madeiro,17
 Manoel Em�dio,17
 Marcol�ndia,17
 Marcos Parente,17
 Massap� do Piau�,17
 Matias Ol�mpio,17
 Miguel Alves,17
 Miguel Le�o,17
 Milton Brand�o,17
 Monsenhor Gil,17
 Monsenhor Hip�lito,17
 Monte Alegre do Piau�,17
 Morro Cabe�a no Tempo,17
 Morro do Chap�u do Piau�,17
 Murici dos Portelas,17
 Nazar� do Piau�,17
 Nossa Senhora de Nazar�,17
 Nossa Senhora dos Rem�dios,17
 Nova Santa Rita,17
 Novo Oriente do Piau�,17
 Novo Santo Ant�nio,17
 Oeiras,17
 Olho d`�gua do Piau�,17
 Padre Marcos,17
 Paes Landim,17
 Paje� do Piau�,17
 Palmeira do Piau�,17
 Palmeirais,17
 Paquet�,17
 Parnagu�,17
 Parna�ba,17
 Passagem Franca do Piau�,17
 Patos do Piau�,17
 Pau d`Arco do Piau�,17
 Paulistana,17
 Pavussu,17
 Pedro II,17
 Pedro Laurentino,17
 Picos,17
 Pimenteiras,17
 Pio IX,17
 Piracuruca,17
 Piripiri,17
 Porto,17
 Porto Alegre do Piau�,17
 Prata do Piau�,17
 Queimada Nova,17
 Reden��o do Gurgu�ia,17
 Regenera��o,17
 Riacho Frio,17
 Ribeira do Piau�,17
 Ribeiro Gon�alves,17
 Rio Grande do Piau�,17
 Santa Cruz do Piau�,17
 Santa Cruz dos Milagres,17
 Santa Filomena,17
 Santa Luz,17
 Santa Rosa do Piau�,17
 Santana do Piau�,17
 Santo Ant�nio de Lisboa,17
 Santo Ant�nio dos Milagres,17
 Santo In�cio do Piau�,17
 S�o Braz do Piau�,17
 S�o F�lix do Piau�,17
 S�o Francisco de Assis do Piau�,17
 S�o Francisco do Piau�,17
 S�o Gon�alo do Gurgu�ia,17
 S�o Gon�alo do Piau�,17
 S�o Jo�o da Canabrava,17
 S�o Jo�o da Fronteira,17
 S�o Jo�o da Serra,17
 S�o Jo�o da Varjota,17
 S�o Jo�o do Arraial,17
 S�o Jo�o do Piau�,17
 S�o Jos� do Divino,17
 S�o Jos� do Peixe,17
 S�o Jos� do Piau�,17
 S�o Juli�o,17
 S�o Louren�o do Piau�,17
 S�o Luis do Piau�,17
 S�o Miguel da Baixa Grande,17
 S�o Miguel do Fidalgo,17
 S�o Miguel do Tapuio,17
 S�o Pedro do Piau�,17
 S�o Raimundo Nonato,17
 Sebasti�o Barros,17
 Sebasti�o Leal,17
 Sigefredo Pacheco,17
 Sim�es,17
 Simpl�cio Mendes,17
 Socorro do Piau�,17
 Sussuapara,17
 Tamboril do Piau�,17
 Tanque do Piau�,17
 Teresina,17
 Uni�o,17
 Uru�u�,17
 Valen�a do Piau�,17
 V�rzea Branca,17
 V�rzea Grande,17
 Vera Mendes,17
 Vila Nova do Piau�,17
 Wall Ferraz,17
 Angra dos Reis,19
 Aperib�,19
 Araruama,19
 Areal,19
 Arma��o dos B�zios,19
 Arraial do Cabo,19
 Barra do Pira�,19
 Barra Mansa,19
 Belford Roxo,19
 Bom Jardim,19
 Bom Jesus do Itabapoana,19
 Cabo Frio,19
 Cachoeiras de Macacu,19
 Cambuci,19
 Campos dos Goytacazes,19
 Cantagalo,19
 Carapebus,19
 Cardoso Moreira,19
 Carmo,19
 Casimiro de Abreu,19
 Comendador Levy Gasparian,19
 Concei��o de Macabu,19
 Cordeiro,19
 Duas Barras,19
 Duque de Caxias,19
 Engenheiro Paulo de Frontin,19
 Guapimirim,19
 Iguaba Grande,19
 Itabora�,19
 Itagua�,19
 Italva,19
 Itaocara,19
 Itaperuna,19
 Itatiaia,19
 Japeri,19
 Laje do Muria�,19
 Maca�,19
 Macuco,19
 Mag�,19
 Mangaratiba,19
 Maric�,19
 Mendes,19
 Mesquita,19
 Miguel Pereira,19
 Miracema,19
 Natividade,19
 Nil�polis,19
 Niter�i,19
 Nova Friburgo,19
 Nova Igua�u,19
 Paracambi,19
 Para�ba do Sul,19
 Parati,19
 Paty do Alferes,19
 Petr�polis,19
 Pinheiral,19
 Pira�,19
 Porci�ncula,19
 Porto Real,19
 Quatis,19
 Queimados,19
 Quissam�,19
 Resende,19
 Rio Bonito,19
 Rio Claro,19
 Rio das Flores,19
 Rio das Ostras,19
 Rio de Janeiro,19
 Santa Maria Madalena,19
 Santo Ant�nio de P�dua,19
 S�o Fid�lis,19
 S�o Francisco de Itabapoana,19
 S�o Gon�alo,19
 S�o Jo�o da Barra,19
 S�o Jo�o de Meriti,19
 S�o Jos� de Ub�,19
 S�o Jos� do Vale do rio Preto,19
 S�o Pedro da Aldeia,19
 S�o Sebasti�o do Alto,19
 Sapucaia,19
 Saquarema,19
 Serop�dica,19
 Silva Jardim,19
 Sumidouro,19
 Tangu�,19
 Teres�polis,19
 Trajano de Morais,19
 Tr�s Rios,19
 Valen�a,19
 Varre-Sai,19
 Vassouras,19
 Volta Redonda,19
 Acari,20
 A�u,20
 Afonso Bezerra,20
 �gua Nova,20
 Alexandria,20
 Almino Afonso,20
 Alto do Rodrigues,20
 Angicos,20
 Ant�nio Martins,20
 Apodi,20
 Areia Branca,20
 Ar�s,20
 Augusto Severo,20
 Ba�a Formosa,20
 Bara�na,20
 Barcelona,20
 Bento Fernandes,20
 Bod�,20
 Bom Jesus,20
 Brejinho,20
 Cai�ara do Norte,20
 Cai�ara do Rio do Vento,20
 Caic�,20
 Campo Redondo,20
 Canguaretama,20
 Cara�bas,20
 Carna�ba dos Dantas,20
 Carnaubais,20
 Cear�-Mirim,20
 Cerro Cor�,20
 Coronel Ezequiel,20
 Coronel Jo�o Pessoa,20
 Cruzeta,20
 Currais Novos,20
 Doutor Severiano,20
 Encanto,20
 Equador,20
 Esp�rito Santo,20
 Extremoz,20
 Felipe Guerra,20
 Fernando Pedroza,20
 Flor�nia,20
 Francisco Dantas,20
 Frutuoso Gomes,20
 Galinhos,20
 Goianinha,20
 Governador Dix-Sept Rosado,20
 Grossos,20
 Guamar�,20
 Ielmo Marinho,20
 Ipangua�u,20
 Ipueira,20
 Itaj�,20
 Ita�,20
 Ja�an�,20
 Janda�ra,20
 Jandu�s,20
 Janu�rio Cicco,20
 Japi,20
 Jardim de Angicos,20
 Jardim de Piranhas,20
 Jardim do Serid�,20
 Jo�o C�mara,20
 Jo�o Dias,20
 Jos� da Penha,20
 Jucurutu,20
 Jundi�,20
 Lagoa d`Anta,20
 Lagoa de Pedras,20
 Lagoa de Velhos,20
 Lagoa Nova,20
 Lagoa Salgada,20
 Lajes,20
 Lajes Pintadas,20
 Lucr�cia,20
 Lu�s Gomes,20
 Maca�ba,20
 Macau,20
 Major Sales,20
 Marcelino Vieira,20
 Martins,20
 Maxaranguape,20
 Messias Targino,20
 Montanhas,20
 Monte Alegre,20
 Monte das Gameleiras,20
 Mossor�,20
 Natal,20
 N�sia Floresta,20
 Nova Cruz,20
 Olho-d`�gua do Borges,20
 Ouro Branco,20
 Paran�,20
 Para�,20
 Parazinho,20
 Parelhas,20
 Parnamirim,20
 Passa e Fica,20
 Passagem,20
 Patu,20
 Pau dos Ferros,20
 Pedra Grande,20
 Pedra Preta,20
 Pedro Avelino,20
 Pedro Velho,20
 Pend�ncias,20
 Pil�es,20
 Po�o Branco,20
 Portalegre,20
 Porto do Mangue,20
 Presidente Juscelino,20
 Pureza,20
 Rafael Fernandes,20
 Rafael Godeiro,20
 Riacho da Cruz,20
 Riacho de Santana,20
 Riachuelo,20
 Rio do Fogo,20
 Rodolfo Fernandes,20
 Ruy Barbosa,20
 Santa Cruz,20
 Santa Maria,20
 Santana do Matos,20
 Santana do Serid�,20
 Santo Ant�nio,20
 S�o Bento do Norte,20
 S�o Bento do Trair�,20
 S�o Fernando,20
 S�o Francisco do Oeste,20
 S�o Gon�alo do Amarante,20
 S�o Jo�o do Sabugi,20
 S�o Jos� de Mipibu,20
 S�o Jos� do Campestre,20
 S�o Jos� do Serid�,20
 S�o Miguel,20
 S�o Miguel do Gostoso,20
 S�o Paulo do Potengi,20
 S�o Pedro,20
 S�o Rafael,20
 S�o Tom�,20
 S�o Vicente,20
 Senador El�i de Souza,20
 Senador Georgino Avelino,20
 Serra de S�o Bento,20
 Serra do Mel,20
 Serra Negra do Norte,20
 Serrinha,20
 Serrinha dos Pintos,20
 Severiano Melo,20
 S�tio Novo,20
 Taboleiro Grande,20
 Taipu,20
 Tangar�,20
 Tenente Ananias,20
 Tenente Laurentino Cruz,20
 Tibau,20
 Tibau do Sul,20
 Timba�ba dos Batistas,20
 Touros,20
 Triunfo Potiguar,20
 Umarizal,20
 Upanema,20
 V�rzea,20
 Venha-Ver,20
 Vera Cruz,20
 Vi�osa,20
 Vila Flor,20
 Acegu�,23
 �gua Santa,23
 Agudo,23
 Ajuricaba,23
 Alecrim,23
 Alegrete,23
 Alegria,23
 Almirante Tamandar� do Sul,23
 Alpestre,23
 Alto Alegre,23
 Alto Feliz,23
 Alvorada,23
 Amaral Ferrador,23
 Ametista do Sul,23
 Andr� da Rocha,23
 Anta Gorda,23
 Ant�nio Prado,23
 Arambar�,23
 Araric�,23
 Aratiba,23
 Arroio do Meio,23
 Arroio do Padre,23
 Arroio do Sal,23
 Arroio do Tigre,23
 Arroio dos Ratos,23
 Arroio Grande,23
 Arvorezinha,23
 Augusto Pestana,23
 �urea,23
 Bag�,23
 Balne�rio Pinhal,23
 Bar�o,23
 Bar�o de Cotegipe,23
 Bar�o do Triunfo,23
 Barra do Guarita,23
 Barra do Quara�,23
 Barra do Ribeiro,23
 Barra do Rio Azul,23
 Barra Funda,23
 Barrac�o,23
 Barros Cassal,23
 Benjamin Constant do Sul,23
 Bento Gon�alves,23
 Boa Vista das Miss�es,23
 Boa Vista do Buric�,23
 Boa Vista do Cadeado,23
 Boa Vista do Incra,23
 Boa Vista do Sul,23
 Bom Jesus,23
 Bom Princ�pio,23
 Bom Progresso,23
 Bom Retiro do Sul,23
 Boqueir�o do Le�o,23
 Bossoroca,23
 Bozano,23
 Braga,23
 Brochier,23
 Buti�,23
 Ca�apava do Sul,23
 Cacequi,23
 Cachoeira do Sul,23
 Cachoeirinha,23
 Cacique Doble,23
 Caibat�,23
 Cai�ara,23
 Camaqu�,23
 Camargo,23
 Cambar� do Sul,23
 Campestre da Serra,23
 Campina das Miss�es,23
 Campinas do Sul,23
 Campo Bom,23
 Campo Novo,23
 Campos Borges,23
 Candel�ria,23
 C�ndido God�i,23
 Candiota,23
 Canela,23
 Cangu�u,23
 Canoas,23
 Canudos do Vale,23
 Cap�o Bonito do Sul,23
 Cap�o da Canoa,23
 Cap�o do Cip�,23
 Cap�o do Le�o,23
 Capela de Santana,23
 Capit�o,23
 Capivari do Sul,23
 Cara�,23
 Carazinho,23
 Carlos Barbosa,23
 Carlos Gomes,23
 Casca,23
 Caseiros,23
 Catu�pe,23
 Caxias do Sul,23
 Centen�rio,23
 Cerrito,23
 Cerro Branco,23
 Cerro Grande,23
 Cerro Grande do Sul,23
 Cerro Largo,23
 Chapada,23
 Charqueadas,23
 Charrua,23
 Chiapeta,23
 Chu�,23
 Chuvisca,23
 Cidreira,23
 Cir�aco,23
 Colinas,23
 Colorado,23
 Condor,23
 Constantina,23
 Coqueiro Baixo,23
 Coqueiros do Sul,23
 Coronel Barros,23
 Coronel Bicaco,23
 Coronel Pilar,23
 Cotipor�,23
 Coxilha,23
 Crissiumal,23
 Cristal,23
 Cristal do Sul,23
 Cruz Alta,23
 Cruzaltense,23
 Cruzeiro do Sul,23
 David Canabarro,23
 Derrubadas,23
 Dezesseis de Novembro,23
 Dilermando de Aguiar,23
 Dois Irm�os,23
 Dois Irm�os das Miss�es,23
 Dois Lajeados,23
 Dom Feliciano,23
 Dom Pedrito,23
 Dom Pedro de Alc�ntara,23
 Dona Francisca,23
 Doutor Maur�cio Cardoso,23
 Doutor Ricardo,23
 Eldorado do Sul,23
 Encantado,23
 Encruzilhada do Sul,23
 Engenho Velho,23
 Entre Rios do Sul,23
 Entre-Iju�s,23
 Erebango,23
 Erechim,23
 Ernestina,23
 Erval Grande,23
 Erval Seco,23
 Esmeralda,23
 Esperan�a do Sul,23
 Espumoso,23
 Esta��o,23
 Est�ncia Velha,23
 Esteio,23
 Estrela,23
 Estrela Velha,23
 Eug�nio de Castro,23
 Fagundes Varela,23
 Farroupilha,23
 Faxinal do Soturno,23
 Faxinalzinho,23
 Fazenda Vilanova,23
 Feliz,23
 Flores da Cunha,23
 Floriano Peixoto,23
 Fontoura Xavier,23
 Formigueiro,23
 Forquetinha,23
 Fortaleza dos Valos,23
 Frederico Westphalen,23
 Garibaldi,23
 Garruchos,23
 Gaurama,23
 General C�mara,23
 Gentil,23
 Get�lio Vargas,23
 Giru�,23
 Glorinha,23
 Gramado,23
 Gramado dos Loureiros,23
 Gramado Xavier,23
 Gravata�,23
 Guabiju,23
 Gua�ba,23
 Guapor�,23
 Guarani das Miss�es,23
 Harmonia,23
 Herval,23
 Herveiras,23
 Horizontina,23
 Hulha Negra,23
 Humait�,23
 Ibarama,23
 Ibia��,23
 Ibiraiaras,23
 Ibirapuit�,23
 Ibirub�,23
 Igrejinha,23
 Iju�,23
 Il�polis,23
 Imb�,23
 Imigrante,23
 Independ�ncia,23
 Inhacor�,23
 Ip�,23
 Ipiranga do Sul,23
 Ira�,23
 Itaara,23
 Itacurubi,23
 Itapuca,23
 Itaqui,23
 Itati,23
 Itatiba do Sul,23
 Ivor�,23
 Ivoti,23
 Jaboticaba,23
 Jacuizinho,23
 Jacutinga,23
 Jaguar�o,23
 Jaguari,23
 Jaquirana,23
 Jari,23
 J�ia,23
 J�lio de Castilhos,23
 Lagoa Bonita do Sul,23
 Lagoa dos Tr�s Cantos,23
 Lagoa Vermelha,23
 Lago�o,23
 Lajeado,23
 Lajeado do Bugre,23
 Lavras do Sul,23
 Liberato Salzano,23
 Lindolfo Collor,23
 Linha Nova,23
 Ma�ambara,23
 Machadinho,23
 Mampituba,23
 Manoel Viana,23
 Maquin�,23
 Marat�,23
 Marau,23
 Marcelino Ramos,23
 Mariana Pimentel,23
 Mariano Moro,23
 Marques de Souza,23
 Mata,23
 Mato Castelhano,23
 Mato Leit�o,23
 Mato Queimado,23
 Maximiliano de Almeida,23
 Minas do Le�o,23
 Miragua�,23
 Montauri,23
 Monte Alegre dos Campos,23
 Monte Belo do Sul,23
 Montenegro,23
 Morma�o,23
 Morrinhos do Sul,23
 Morro Redondo,23
 Morro Reuter,23
 Mostardas,23
 Mu�um,23
 Muitos Cap�es,23
 Muliterno,23
 N�o-Me-Toque,23
 Nicolau Vergueiro,23
 Nonoai,23
 Nova Alvorada,23
 Nova Ara��,23
 Nova Bassano,23
 Nova Boa Vista,23
 Nova Br�scia,23
 Nova Candel�ria,23
 Nova Esperan�a do Sul,23
 Nova Hartz,23
 Nova P�dua,23
 Nova Palma,23
 Nova Petr�polis,23
 Nova Prata,23
 Nova Ramada,23
 Nova Roma do Sul,23
 Nova Santa Rita,23
 Novo Barreiro,23
 Novo Cabrais,23
 Novo Hamburgo,23
 Novo Machado,23
 Novo Tiradentes,23
 Novo Xingu,23
 Os�rio,23
 Paim Filho,23
 Palmares do Sul,23
 Palmeira das Miss�es,23
 Palmitinho,23
 Panambi,23
 Pantano Grande,23
 Para�,23
 Para�so do Sul,23
 Pareci Novo,23
 Parob�,23
 Passa Sete,23
 Passo do Sobrado,23
 Passo Fundo,23
 Paulo Bento,23
 Paverama,23
 Pedras Altas,23
 Pedro Os�rio,23
 Peju�ara,23
 Pelotas,23
 Picada Caf�,23
 Pinhal,23
 Pinhal da Serra,23
 Pinhal Grande,23
 Pinheirinho do Vale,23
 Pinheiro Machado,23
 Pirap�,23
 Piratini,23
 Planalto,23
 Po�o das Antas,23
 Pont�o,23
 Ponte Preta,23
 Port�o,23
 Porto Alegre,23
 Porto Lucena,23
 Porto Mau�,23
 Porto Vera Cruz,23
 Porto Xavier,23
 Pouso Novo,23
 Presidente Lucena,23
 Progresso,23
 Prot�sio Alves,23
 Putinga,23
 Quara�,23
 Quatro Irm�os,23
 Quevedos,23
 Quinze de Novembro,23
 Redentora,23
 Relvado,23
 Restinga Seca,23
 Rio dos �ndios,23
 Rio Grande,23
 Rio Pardo,23
 Riozinho,23
 Roca Sales,23
 Rodeio Bonito,23
 Rolador,23
 Rolante,23
 Ronda Alta,23
 Rondinha,23
 Roque Gonzales,23
 Ros�rio do Sul,23
 Sagrada Fam�lia,23
 Saldanha Marinho,23
 Salto do Jacu�,23
 Salvador das Miss�es,23
 Salvador do Sul,23
 Sananduva,23
 Santa B�rbara do Sul,23
 Santa Cec�lia do Sul,23
 Santa Clara do Sul,23
 Santa Cruz do Sul,23
 Santa Margarida do Sul,23
 Santa Maria,23
 Santa Maria do Herval,23
 Santa Rosa,23
 Santa Tereza,23
 Santa Vit�ria do Palmar,23
 Santana da Boa Vista,23
 Santana do Livramento,23
 Santiago,23
 Santo �ngelo,23
 Santo Ant�nio da Patrulha,23
 Santo Ant�nio das Miss�es,23
 Santo Ant�nio do Palma,23
 Santo Ant�nio do Planalto,23
 Santo Augusto,23
 Santo Cristo,23
 Santo Expedito do Sul,23
 S�o Borja,23
 S�o Domingos do Sul,23
 S�o Francisco de Assis,23
 S�o Francisco de Paula,23
 S�o Gabriel,23
 S�o Jer�nimo,23
 S�o Jo�o da Urtiga,23
 S�o Jo�o do Pol�sine,23
 S�o Jorge,23
 S�o Jos� das Miss�es,23
 S�o Jos� do Herval,23
 S�o Jos� do Hort�ncio,23
 S�o Jos� do Inhacor�,23
 S�o Jos� do Norte,23
 S�o Jos� do Ouro,23
 S�o Jos� do Sul,23
 S�o Jos� dos Ausentes,23
 S�o Leopoldo,23
 S�o Louren�o do Sul,23
 S�o Luiz Gonzaga,23
 S�o Marcos,23
 S�o Martinho,23
 S�o Martinho da Serra,23
 S�o Miguel das Miss�es,23
 S�o Nicolau,23
 S�o Paulo das Miss�es,23
 S�o Pedro da Serra,23
 S�o Pedro das Miss�es,23
 S�o Pedro do Buti�,23
 S�o Pedro do Sul,23
 S�o Sebasti�o do Ca�,23
 S�o Sep�,23
 S�o Valentim,23
 S�o Valentim do Sul,23
 S�o Val�rio do Sul,23
 S�o Vendelino,23
 S�o Vicente do Sul,23
 Sapiranga,23
 Sapucaia do Sul,23
 Sarandi,23
 Seberi,23
 Sede Nova,23
 Segredo,23
 Selbach,23
 Senador Salgado Filho,23
 Sentinela do Sul,23
 Serafina Corr�a,23
 S�rio,23
 Sert�o,23
 Sert�o Santana,23
 Sete de Setembro,23
 Severiano de Almeida,23
 Silveira Martins,23
 Sinimbu,23
 Sobradinho,23
 Soledade,23
 Taba�,23
 Tapejara,23
 Tapera,23
 Tapes,23
 Taquara,23
 Taquari,23
 Taquaru�u do Sul,23
 Tavares,23
 Tenente Portela,23
 Terra de Areia,23
 Teut�nia,23
 Tio Hugo,23
 Tiradentes do Sul,23
 Toropi,23
 Torres,23
 Tramanda�,23
 Travesseiro,23
 Tr�s Arroios,23
 Tr�s Cachoeiras,23
 Tr�s Coroas,23
 Tr�s de Maio,23
 Tr�s Forquilhas,23
 Tr�s Palmeiras,23
 Tr�s Passos,23
 Trindade do Sul,23
 Triunfo,23
 Tucunduva,23
 Tunas,23
 Tupanci do Sul,23
 Tupanciret�,23
 Tupandi,23
 Tuparendi,23
 Turu�u,23
 Ubiretama,23
 Uni�o da Serra,23
 Unistalda,23
 Uruguaiana,23
 Vacaria,23
 Vale do Sol,23
 Vale Real,23
 Vale Verde,23
 Vanini,23
 Ven�ncio Aires,23
 Vera Cruz,23
 Veran�polis,23
 Vespasiano Correa,23
 Viadutos,23
 Viam�o,23
 Vicente Dutra,23
 Victor Graeff,23
 Vila Flores,23
 Vila L�ngaro,23
 Vila Maria,23
 Vila Nova do Sul,23
 Vista Alegre,23
 Vista Alegre do Prata,23
 Vista Ga�cha,23
 Vit�ria das Miss�es,23
 Westf�lia,23
 Xangri-l�,23
 Alta Floresta d`Oeste,21
 Alto Alegre dos Parecis,21
 Alto Para�so,21
 Alvorada d`Oeste,21
 Ariquemes,21
 Buritis,21
 Cabixi,21
 Cacaul�ndia,21
 Cacoal,21
 Campo Novo de Rond�nia,21
 Candeias do Jamari,21
 Castanheiras,21
 Cerejeiras,21
 Chupinguaia,21
 Colorado do Oeste,21
 Corumbiara,21
 Costa Marques,21
 Cujubim,21
 Espig�o d`Oeste,21
 Governador Jorge Teixeira,21
 Guajar�-Mirim,21
 Itapu� do Oeste,21
 Jaru,21
 Ji-Paran�,21
 Machadinho d`Oeste,21
 Ministro Andreazza,21
 Mirante da Serra,21
 Monte Negro,21
 Nova Brasil�ndia d`Oeste,21
 Nova Mamor�,21
 Nova Uni�o,21
 Novo Horizonte do Oeste,21
 Ouro Preto do Oeste,21
 Parecis,21
 Pimenta Bueno,21
 Pimenteiras do Oeste,21
 Porto Velho,21
 Presidente M�dici,21
 Primavera de Rond�nia,21
 Rio Crespo,21
 Rolim de Moura,21
 Santa Luzia d`Oeste,21
 S�o Felipe d`Oeste,21
 S�o Francisco do Guapor�,21
 S�o Miguel do Guapor�,21
 Seringueiras,21
 Teixeir�polis,21
 Theobroma,21
 Urup�,21
 Vale do Anari,21
 Vale do Para�so,21
 Vilhena,21
 Alto Alegre,22
 Amajari,22
 Boa Vista,22
 Bonfim,22
 Cant�,22
 Caracara�,22
 Caroebe,22
 Iracema,22
 Mucaja�,22
 Normandia,22
 Pacaraima,22
 Rorain�polis,22
 S�o Jo�o da Baliza,22
 S�o Luiz,22
 Uiramut�,22
 Abdon Batista,24
 Abelardo Luz,24
 Agrol�ndia,24
 Agron�mica,24
 �gua Doce,24
 �guas de Chapec�,24
 �guas Frias,24
 �guas Mornas,24
 Alfredo Wagner,24
 Alto Bela Vista,24
 Anchieta,24
 Angelina,24
 Anita Garibaldi,24
 Anit�polis,24
 Ant�nio Carlos,24
 Api�na,24
 Arabut�,24
 Araquari,24
 Ararangu�,24
 Armaz�m,24
 Arroio Trinta,24
 Arvoredo,24
 Ascurra,24
 Atalanta,24
 Aurora,24
 Balne�rio Arroio do Silva,24
 Balne�rio Barra do Sul,24
 Balne�rio Cambori�,24
 Balne�rio Gaivota,24
 Bandeirante,24
 Barra Bonita,24
 Barra Velha,24
 Bela Vista do Toldo,24
 Belmonte,24
 Benedito Novo,24
 Bigua�u,24
 Blumenau,24
 Bocaina do Sul,24
 Bom Jardim da Serra,24
 Bom Jesus,24
 Bom Jesus do Oeste,24
 Bom Retiro,24
 Bombinhas,24
 Botuver�,24
 Bra�o do Norte,24
 Bra�o do Trombudo,24
 Brun�polis,24
 Brusque,24
 Ca�ador,24
 Caibi,24
 Calmon,24
 Cambori�,24
 Campo Alegre,24
 Campo Belo do Sul,24
 Campo Er�,24
 Campos Novos,24
 Canelinha,24
 Canoinhas,24
 Cap�o Alto,24
 Capinzal,24
 Capivari de Baixo,24
 Catanduvas,24
 Caxambu do Sul,24
 Celso Ramos,24
 Cerro Negro,24
 Chapad�o do Lageado,24
 Chapec�,24
 Cocal do Sul,24
 Conc�rdia,24
 Cordilheira Alta,24
 Coronel Freitas,24
 Coronel Martins,24
 Correia Pinto,24
 Corup�,24
 Crici�ma,24
 Cunha Por�,24
 Cunhata�,24
 Curitibanos,24
 Descanso,24
 Dion�sio Cerqueira,24
 Dona Emma,24
 Doutor Pedrinho,24
 Entre Rios,24
 Ermo,24
 Erval Velho,24
 Faxinal dos Guedes,24
 Flor do Sert�o,24
 Florian�polis,24
 Formosa do Sul,24
 Forquilhinha,24
 Fraiburgo,24
 Frei Rog�rio,24
 Galv�o,24
 Garopaba,24
 Garuva,24
 Gaspar,24
 Governador Celso Ramos,24
 Gr�o Par�,24
 Gravatal,24
 Guabiruba,24
 Guaraciaba,24
 Guaramirim,24
 Guaruj� do Sul,24
 Guatamb�,24
 Herval d`Oeste,24
 Ibiam,24
 Ibicar�,24
 Ibirama,24
 I�ara,24
 Ilhota,24
 Imaru�,24
 Imbituba,24
 Imbuia,24
 Indaial,24
 Iomer�,24
 Ipira,24
 Ipor� do Oeste,24
 Ipua�u,24
 Ipumirim,24
 Iraceminha,24
 Irani,24
 Irati,24
 Irine�polis,24
 It�,24
 Itai�polis,24
 Itaja�,24
 Itapema,24
 Itapiranga,24
 Itapo�,24
 Ituporanga,24
 Jabor�,24
 Jacinto Machado,24
 Jaguaruna,24
 Jaragu� do Sul,24
 Jardin�polis,24
 Joa�aba,24
 Joinville,24
 Jos� Boiteux,24
 Jupi�,24
 Lacerd�polis,24
 Lages,24
 Laguna,24
 Lajeado Grande,24
 Laurentino,24
 Lauro Muller,24
 Lebon R�gis,24
 Leoberto Leal,24
 Lind�ia do Sul,24
 Lontras,24
 Luiz Alves,24
 Luzerna,24
 Macieira,24
 Mafra,24
 Major Gercino,24
 Major Vieira,24
 Maracaj�,24
 Maravilha,24
 Marema,24
 Massaranduba,24
 Matos Costa,24
 Meleiro,24
 Mirim Doce,24
 Modelo,24
 Monda�,24
 Monte Carlo,24
 Monte Castelo,24
 Morro da Fuma�a,24
 Morro Grande,24
 Navegantes,24
 Nova Erechim,24
 Nova Itaberaba,24
 Nova Trento,24
 Nova Veneza,24
 Novo Horizonte,24
 Orleans,24
 Otac�lio Costa,24
 Ouro,24
 Ouro Verde,24
 Paial,24
 Painel,24
 Palho�a,24
 Palma Sola,24
 Palmeira,24
 Palmitos,24
 Papanduva,24
 Para�so,24
 Passo de Torres,24
 Passos Maia,24
 Paulo Lopes,24
 Pedras Grandes,24
 Penha,24
 Peritiba,24
 Petrol�ndia,24
 Pi�arras,24
 Pinhalzinho,24
 Pinheiro Preto,24
 Piratuba,24
 Planalto Alegre,24
 Pomerode,24
 Ponte Alta,24
 Ponte Alta do Norte,24
 Ponte Serrada,24
 Porto Belo,24
 Porto Uni�o,24
 Pouso Redondo,24
 Praia Grande,24
 Presidente Castelo Branco,24
 Presidente Get�lio,24
 Presidente Nereu,24
 Princesa,24
 Quilombo,24
 Rancho Queimado,24
 Rio das Antas,24
 Rio do Campo,24
 Rio do Oeste,24
 Rio do Sul,24
 Rio dos Cedros,24
 Rio Fortuna,24
 Rio Negrinho,24
 Rio Rufino,24
 Riqueza,24
 Rodeio,24
 Romel�ndia,24
 Salete,24
 Saltinho,24
 Salto Veloso,24
 Sang�o,24
 Santa Cec�lia,24
 Santa Helena,24
 Santa Rosa de Lima,24
 Santa Rosa do Sul,24
 Santa Terezinha,24
 Santa Terezinha do Progresso,24
 Santiago do Sul,24
 Santo Amaro da Imperatriz,24
 S�o Bento do Sul,24
 S�o Bernardino,24
 S�o Bonif�cio,24
 S�o Carlos,24
 S�o Cristov�o do Sul,24
 S�o Domingos,24
 S�o Francisco do Sul,24
 S�o Jo�o Batista,24
 S�o Jo�o do Itaperi�,24
 S�o Jo�o do Oeste,24
 S�o Jo�o do Sul,24
 S�o Joaquim,24
 S�o Jos�,24
 S�o Jos� do Cedro,24
 S�o Jos� do Cerrito,24
 S�o Louren�o do Oeste,24
 S�o Ludgero,24
 S�o Martinho,24
 S�o Miguel da Boa Vista,24
 S�o Miguel do Oeste,24
 S�o Pedro de Alc�ntara,24
 Saudades,24
 Schroeder,24
 Seara,24
 Serra Alta,24
 Sider�polis,24
 Sombrio,24
 Sul Brasil,24
 Tai�,24
 Tangar�,24
 Tigrinhos,24
 Tijucas,24
 Timb� do Sul,24
 Timb�,24
 Timb� Grande,24
 Tr�s Barras,24
 Treviso,24
 Treze de Maio,24
 Treze T�lias,24
 Trombudo Central,24
 Tubar�o,24
 Tun�polis,24
 Turvo,24
 Uni�o do Oeste,24
 Urubici,24
 Urupema,24
 Urussanga,24
 Varge�o,24
 Vargem,24
 Vargem Bonita,24
 Vidal Ramos,24
 Videira,24
 Vitor Meireles,24
 Witmarsum,24
 Xanxer�,24
 Xavantina,24
 Xaxim,24
 Zort�a,24
 Adamantina,26
 Adolfo,26
 Agua�,26
 �guas da Prata,26
 �guas de Lind�ia,26
 �guas de Santa B�rbara,26
 �guas de S�o Pedro,26
 Agudos,26
 Alambari,26
 Alfredo Marcondes,26
 Altair,26
 Altin�polis,26
 Alto Alegre,26
 Alum�nio,26
 �lvares Florence,26
 �lvares Machado,26
 �lvaro de Carvalho,26
 Alvinl�ndia,26
 Americana,26
 Am�rico Brasiliense,26
 Am�rico de Campos,26
 Amparo,26
 Anal�ndia,26
 Andradina,26
 Angatuba,26
 Anhembi,26
 Anhumas,26
 Aparecida,26
 Aparecida d`Oeste,26
 Apia�,26
 Ara�ariguama,26
 Ara�atuba,26
 Ara�oiaba da Serra,26
 Aramina,26
 Arandu,26
 Arape�,26
 Araraquara,26
 Araras,26
 Arco-�ris,26
 Arealva,26
 Areias,26
 Arei�polis,26
 Ariranha,26
 Artur Nogueira,26
 Aruj�,26
 Asp�sia,26
 Assis,26
 Atibaia,26
 Auriflama,26
 Ava�,26
 Avanhandava,26
 Avar�,26
 Bady Bassitt,26
 Balbinos,26
 B�lsamo,26
 Bananal,26
 Bar�o de Antonina,26
 Barbosa,26
 Bariri,26
 Barra Bonita,26
 Barra do Chap�u,26
 Barra do Turvo,26
 Barretos,26
 Barrinha,26
 Barueri,26
 Bastos,26
 Batatais,26
 Bauru,26
 Bebedouro,26
 Bento de Abreu,26
 Bernardino de Campos,26
 Bertioga,26
 Bilac,26
 Birigui,26
 Biritiba-Mirim,26
 Boa Esperan�a do Sul,26
 Bocaina,26
 Bofete,26
 Boituva,26
 Bom Jesus dos Perd�es,26
 Bom Sucesso de Itarar�,26
 Bor�,26
 Borac�ia,26
 Borborema,26
 Borebi,26
 Botucatu,26
 Bragan�a Paulista,26
 Bra�na,26
 Brejo Alegre,26
 Brodowski,26
 Brotas,26
 Buri,26
 Buritama,26
 Buritizal,26
 Cabr�lia Paulista,26
 Cabre�va,26
 Ca�apava,26
 Cachoeira Paulista,26
 Caconde,26
 Cafel�ndia,26
 Caiabu,26
 Caieiras,26
 Caiu�,26
 Cajamar,26
 Cajati,26
 Cajobi,26
 Cajuru,26
 Campina do Monte Alegre,26
 Campinas,26
 Campo Limpo Paulista,26
 Campos do Jord�o,26
 Campos Novos Paulista,26
 Canan�ia,26
 Canas,26
 C�ndido Mota,26
 C�ndido Rodrigues,26
 Canitar,26
 Cap�o Bonito,26
 Capela do Alto,26
 Capivari,26
 Caraguatatuba,26
 Carapicu�ba,26
 Cardoso,26
 Casa Branca,26
 C�ssia dos Coqueiros,26
 Castilho,26
 Catanduva,26
 Catigu�,26
 Cedral,26
 Cerqueira C�sar,26
 Cerquilho,26
 Ces�rio Lange,26
 Charqueada,26
 Chavantes,26
 Clementina,26
 Colina,26
 Col�mbia,26
 Conchal,26
 Conchas,26
 Cordeir�polis,26
 Coroados,26
 Coronel Macedo,26
 Corumbata�,26
 Cosm�polis,26
 Cosmorama,26
 Cotia,26
 Cravinhos,26
 Cristais Paulista,26
 Cruz�lia,26
 Cruzeiro,26
 Cubat�o,26
 Cunha,26
 Descalvado,26
 Diadema,26
 Dirce Reis,26
 Divinol�ndia,26
 Dobrada,26
 Dois C�rregos,26
 Dolcin�polis,26
 Dourado,26
 Dracena,26
 Duartina,26
 Dumont,26
 Echapor�,26
 Eldorado,26
 Elias Fausto,26
 Elisi�rio,26
 Emba�ba,26
 Embu,26
 Embu-Gua�u,26
 Emilian�polis,26
 Engenheiro Coelho,26
 Esp�rito Santo do Pinhal,26
 Esp�rito Santo do Turvo,26
 Estiva Gerbi,26
 Estrela d`Oeste,26
 Estrela do Norte,26
 Euclides da Cunha Paulista,26
 Fartura,26
 Fernando Prestes,26
 Fernand�polis,26
 Fern�o,26
 Ferraz de Vasconcelos,26
 Flora Rica,26
 Floreal,26
 Fl�rida Paulista,26
 Flor�nia,26
 Franca,26
 Francisco Morato,26
 Franco da Rocha,26
 Gabriel Monteiro,26
 G�lia,26
 Gar�a,26
 Gast�o Vidigal,26
 Gavi�o Peixoto,26
 General Salgado,26
 Getulina,26
 Glic�rio,26
 Guai�ara,26
 Guaimb�,26
 Gua�ra,26
 Guapia�u,26
 Guapiara,26
 Guar�,26
 Guara�a�,26
 Guaraci,26
 Guarani d`Oeste,26
 Guarant�,26
 Guararapes,26
 Guararema,26
 Guaratinguet�,26
 Guare�,26
 Guariba,26
 Guaruj�,26
 Guarulhos,26
 Guatapar�,26
 Guzol�ndia,26
 Hercul�ndia,26
 Holambra,26
 Hortol�ndia,26
 Iacanga,26
 Iacri,26
 Iaras,26
 Ibat�,26
 Ibir�,26
 Ibirarema,26
 Ibitinga,26
 Ibi�na,26
 Ic�m,26
 Iep�,26
 Igara�u do Tiet�,26
 Igarapava,26
 Igarat�,26
 Iguape,26
 Ilha Comprida,26
 Ilha Solteira,26
 Ilhabela,26
 Indaiatuba,26
 Indiana,26
 Indiapor�,26
 In�bia Paulista,26
 Ipaussu,26
 Iper�,26
 Ipe�na,26
 Ipigu�,26
 Iporanga,26
 Ipu�,26
 Iracem�polis,26
 Irapu�,26
 Irapuru,26
 Itaber�,26
 Ita�,26
 Itajobi,26
 Itaju,26
 Itanha�m,26
 Ita�ca,26
 Itapecerica da Serra,26
 Itapetininga,26
 Itapeva,26
 Itapevi,26
 Itapira,26
 Itapirapu� Paulista,26
 It�polis,26
 Itaporanga,26
 Itapu�,26
 Itapura,26
 Itaquaquecetuba,26
 Itarar�,26
 Itariri,26
 Itatiba,26
 Itatinga,26
 Itirapina,26
 Itirapu�,26
 Itobi,26
 Itu,26
 Itupeva,26
 Ituverava,26
 Jaborandi,26
 Jaboticabal,26
 Jacare�,26
 Jaci,26
 Jacupiranga,26
 Jaguari�na,26
 Jales,26
 Jambeiro,26
 Jandira,26
 Jardin�polis,26
 Jarinu,26
 Ja�,26
 Jeriquara,26
 Joan�polis,26
 Jo�o Ramalho,26
 Jos� Bonif�cio,26
 J�lio Mesquita,26
 Jumirim,26
 Jundia�,26
 Junqueir�polis,26
 Juqui�,26
 Juquitiba,26
 Lagoinha,26
 Laranjal Paulista,26
 Lav�nia,26
 Lavrinhas,26
 Leme,26
 Len��is Paulista,26
 Limeira,26
 Lind�ia,26
 Lins,26
 Lorena,26
 Lourdes,26
 Louveira,26
 Luc�lia,26
 Lucian�polis,26
 Lu�s Ant�nio,26
 Luizi�nia,26
 Lup�rcio,26
 Lut�cia,26
 Macatuba,26
 Macaubal,26
 Maced�nia,26
 Magda,26
 Mairinque,26
 Mairipor�,26
 Manduri,26
 Marab� Paulista,26
 Maraca�,26
 Marapoama,26
 Mari�polis,26
 Mar�lia,26
 Marin�polis,26
 Martin�polis,26
 Mat�o,26
 Mau�,26
 Mendon�a,26
 Meridiano,26
 Mes�polis,26
 Miguel�polis,26
 Mineiros do Tiet�,26
 Mira Estrela,26
 Miracatu,26
 Mirand�polis,26
 Mirante do Paranapanema,26
 Mirassol,26
 Mirassol�ndia,26
 Mococa,26
 Mogi das Cruzes,26
 Mogi Gua�u,26
 Moji Mirim,26
 Mombuca,26
 Mon��es,26
 Mongagu�,26
 Monte Alegre do Sul,26
 Monte Alto,26
 Monte Apraz�vel,26
 Monte Azul Paulista,26
 Monte Castelo,26
 Monte Mor,26
 Monteiro Lobato,26
 Morro Agudo,26
 Morungaba,26
 Motuca,26
 Murutinga do Sul,26
 Nantes,26
 Narandiba,26
 Natividade da Serra,26
 Nazar� Paulista,26
 Neves Paulista,26
 Nhandeara,26
 Nipo�,26
 Nova Alian�a,26
 Nova Campina,26
 Nova Cana� Paulista,26
 Nova Castilho,26
 Nova Europa,26
 Nova Granada,26
 Nova Guataporanga,26
 Nova Independ�ncia,26
 Nova Luzit�nia,26
 Nova Odessa,26
 Novais,26
 Novo Horizonte,26
 Nuporanga,26
 Ocau�u,26
 �leo,26
 Ol�mpia,26
 Onda Verde,26
 Oriente,26
 Orindi�va,26
 Orl�ndia,26
 Osasco,26
 Oscar Bressane,26
 Osvaldo Cruz,26
 Ourinhos,26
 Ouro Verde,26
 Ouroeste,26
 Pacaembu,26
 Palestina,26
 Palmares Paulista,26
 Palmeira d`Oeste,26
 Palmital,26
 Panorama,26
 Paragua�u Paulista,26
 Paraibuna,26
 Para�so,26
 Paranapanema,26
 Paranapu�,26
 Parapu�,26
 Pardinho,26
 Pariquera-A�u,26
 Parisi,26
 Patroc�nio Paulista,26
 Paulic�ia,26
 Paul�nia,26
 Paulist�nia,26
 Paulo de Faria,26
 Pederneiras,26
 Pedra Bela,26
 Pedran�polis,26
 Pedregulho,26
 Pedreira,26
 Pedrinhas Paulista,26
 Pedro de Toledo,26
 Pen�polis,26
 Pereira Barreto,26
 Pereiras,26
 Peru�be,26
 Piacatu,26
 Piedade,26
 Pilar do Sul,26
 Pindamonhangaba,26
 Pindorama,26
 Pinhalzinho,26
 Piquerobi,26
 Piquete,26
 Piracaia,26
 Piracicaba,26
 Piraju,26
 Piraju�,26
 Pirangi,26
 Pirapora do Bom Jesus,26
 Pirapozinho,26
 Pirassununga,26
 Piratininga,26
 Pitangueiras,26
 Planalto,26
 Platina,26
 Po�,26
 Poloni,26
 Pomp�ia,26
 Ponga�,26
 Pontal,26
 Pontalinda,26
 Pontes Gestal,26
 Populina,26
 Porangaba,26
 Porto Feliz,26
 Porto Ferreira,26
 Potim,26
 Potirendaba,26
 Pracinha,26
 Prad�polis,26
 Praia Grande,26
 Prat�nia,26
 Presidente Alves,26
 Presidente Bernardes,26
 Presidente Epit�cio,26
 Presidente Prudente,26
 Presidente Venceslau,26
 Promiss�o,26
 Quadra,26
 Quat�,26
 Queiroz,26
 Queluz,26
 Quintana,26
 Rafard,26
 Rancharia,26
 Reden��o da Serra,26
 Regente Feij�,26
 Regin�polis,26
 Registro,26
 Restinga,26
 Ribeira,26
 Ribeir�o Bonito,26
 Ribeir�o Branco,26
 Ribeir�o Corrente,26
 Ribeir�o do Sul,26
 Ribeir�o dos �ndios,26
 Ribeir�o Grande,26
 Ribeir�o Pires,26
 Ribeir�o Preto,26
 Rifaina,26
 Rinc�o,26
 Rin�polis,26
 Rio Claro,26
 Rio das Pedras,26
 Rio Grande da Serra,26
 Riol�ndia,26
 Riversul,26
 Rosana,26
 Roseira,26
 Rubi�cea,26
 Rubin�ia,26
 Sabino,26
 Sagres,26
 Sales,26
 Sales Oliveira,26
 Sales�polis,26
 Salmour�o,26
 Saltinho,26
 Salto,26
 Salto de Pirapora,26
 Salto Grande,26
 Sandovalina,26
 Santa Ad�lia,26
 Santa Albertina,26
 Santa B�rbara d`Oeste,26
 Santa Branca,26
 Santa Clara d`Oeste,26
 Santa Cruz da Concei��o,26
 Santa Cruz da Esperan�a,26
 Santa Cruz das Palmeiras,26
 Santa Cruz do Rio Pardo,26
 Santa Ernestina,26
 Santa F� do Sul,26
 Santa Gertrudes,26
 Santa Isabel,26
 Santa L�cia,26
 Santa Maria da Serra,26
 Santa Mercedes,26
 Santa Rita d`Oeste,26
 Santa Rita do Passa Quatro,26
 Santa Rosa de Viterbo,26
 Santa Salete,26
 Santana da Ponte Pensa,26
 Santana de Parna�ba,26
 Santo Anast�cio,26
 Santo Andr�,26
 Santo Ant�nio da Alegria,26
 Santo Ant�nio de Posse,26
 Santo Ant�nio do Aracangu�,26
 Santo Ant�nio do Jardim,26
 Santo Ant�nio do Pinhal,26
 Santo Expedito,26
 Sant�polis do Aguape�,26
 Santos,26
 S�o Bento do Sapuca�,26
 S�o Bernardo do Campo,26
 S�o Caetano do Sul,26
 S�o Carlos,26
 S�o Francisco,26
 S�o Jo�o da Boa Vista,26
 S�o Jo�o das Duas Pontes,26
 S�o Jo�o de Iracema,26
 S�o Jo�o do Pau d`Alho,26
 S�o Joaquim da Barra,26
 S�o Jos� da Bela Vista,26
 S�o Jos� do Barreiro,26
 S�o Jos� do Rio Pardo,26
 S�o Jos� do Rio Preto,26
 S�o Jos� dos Campos,26
 S�o Louren�o da Serra,26
 S�o Lu�s do Paraitinga,26
 S�o Manuel,26
 S�o Miguel Arcanjo,26
 S�o Paulo,26
 S�o Pedro,26
 S�o Pedro do Turvo,26
 S�o Roque,26
 S�o Sebasti�o,26
 S�o Sebasti�o da Grama,26
 S�o Sim�o,26
 S�o Vicente,26
 Sarapu�,26
 Sarutai�,26
 Sebastian�polis do Sul,26
 Serra Azul,26
 Serra Negra,26
 Serrana,26
 Sert�ozinho,26
 Sete Barras,26
 Sever�nia,26
 Silveiras,26
 Socorro,26
 Sorocaba,26
 Sud Mennucci,26
 Sumar�,26
 Suzan�polis,26
 Suzano,26
 Tabapu�,26
 Tabatinga,26
 Tabo�o da Serra,26
 Taciba,26
 Tagua�,26
 Taia�u,26
 Tai�va,26
 Tamba�,26
 Tanabi,26
 Tapira�,26
 Tapiratiba,26
 Taquaral,26
 Taquaritinga,26
 Taquarituba,26
 Taquariva�,26
 Tarabai,26
 Tarum�,26
 Tatu�,26
 Taubat�,26
 Tejup�,26
 Teodoro Sampaio,26
 Terra Roxa,26
 Tiet�,26
 Timburi,26
 Torre de Pedra,26
 Torrinha,26
 Trabiju,26
 Trememb�,26
 Tr�s Fronteiras,26
 Tuiuti,26
 Tup�,26
 Tupi Paulista,26
 Turi�ba,26
 Turmalina,26
 Ubarana,26
 Ubatuba,26
 Ubirajara,26
 Uchoa,26
 Uni�o Paulista,26
 Ur�nia,26
 Uru,26
 Urup�s,26
 Valentim Gentil,26
 Valinhos,26
 Valpara�so,26
 Vargem,26
 Vargem Grande do Sul,26
 Vargem Grande Paulista,26
 V�rzea Paulista,26
 Vera Cruz,26
 Vinhedo,26
 Viradouro,26
 Vista Alegre do Alto,26
 Vit�ria Brasil,26
 Votorantim,26
 Votuporanga,26
 Zacarias,26
 Amparo de S�o Francisco,25
 Aquidab�,25
 Aracaju,25
 Arau�,25
 Areia Branca,25
 Barra dos Coqueiros,25
 Boquim,25
 Brejo Grande,25
 Campo do Brito,25
 Canhoba,25
 Canind� de S�o Francisco,25
 Capela,25
 Carira,25
 Carm�polis,25
 Cedro de S�o Jo�o,25
 Cristin�polis,25
 Cumbe,25
 Divina Pastora,25
 Est�ncia,25
 Feira Nova,25
 Frei Paulo,25
 Gararu,25
 General Maynard,25
 Gracho Cardoso,25
 Ilha das Flores,25
 Indiaroba,25
 Itabaiana,25
 Itabaianinha,25
 Itabi,25
 Itaporanga d`Ajuda,25
 Japaratuba,25
 Japoat�,25
 Lagarto,25
 Laranjeiras,25
 Macambira,25
 Malhada dos Bois,25
 Malhador,25
 Maruim,25
 Moita Bonita,25
 Monte Alegre de Sergipe,25
 Muribeca,25
 Ne�polis,25
 Nossa Senhora Aparecida,25
 Nossa Senhora da Gl�ria,25
 Nossa Senhora das Dores,25
 Nossa Senhora de Lourdes,25
 Nossa Senhora do Socorro,25
 Pacatuba,25
 Pedra Mole,25
 Pedrinhas,25
 Pinh�o,25
 Pirambu,25
 Po�o Redondo,25
 Po�o Verde,25
 Porto da Folha,25
 Propri�,25
 Riach�o do Dantas,25
 Riachuelo,25
 Ribeir�polis,25
 Ros�rio do Catete,25
 Salgado,25
 Santa Luzia do Itanhy,25
 Santa Rosa de Lima,25
 Santana do S�o Francisco,25
 Santo Amaro das Brotas,25
 S�o Crist�v�o,25
 S�o Domingos,25
 S�o Francisco,25
 S�o Miguel do Aleixo,25
 Sim�o Dias,25
 Siriri,25
 Telha,25
 Tobias Barreto,25
 Tomar do Geru,25
 Umba�ba,25
 Abreul�ndia,27
 Aguiarn�polis,27
 Alian�a do Tocantins,27
 Almas,27
 Alvorada,27
 Anan�s,27
 Angico,27
 Aparecida do Rio Negro,27
 Aragominas,27
 Araguacema,27
 Aragua�u,27
 Aragua�na,27
 Araguan�,27
 Araguatins,27
 Arapoema,27
 Arraias,27
 Augustin�polis,27
 Aurora do Tocantins,27
 Axix� do Tocantins,27
 Baba�ul�ndia,27
 Bandeirantes do Tocantins,27
 Barra do Ouro,27
 Barrol�ndia,27
 Bernardo Say�o,27
 Bom Jesus do Tocantins,27
 Brasil�ndia do Tocantins,27
 Brejinho de Nazar�,27
 Buriti do Tocantins,27
 Cachoeirinha,27
 Campos Lindos,27
 Cariri do Tocantins,27
 Carmol�ndia,27
 Carrasco Bonito,27
 Caseara,27
 Centen�rio,27
 Chapada da Natividade,27
 Chapada de Areia,27
 Colinas do Tocantins,27
 Colm�ia,27
 Combinado,27
 Concei��o do Tocantins,27
 Couto de Magalh�es,27
 Cristal�ndia,27
 Crix�s do Tocantins,27
 Darcin�polis,27
 Dian�polis,27
 Divin�polis do Tocantins,27
 Dois Irm�os do Tocantins,27
 Duer�,27
 Esperantina,27
 F�tima,27
 Figueir�polis,27
 Filad�lfia,27
 Formoso do Araguaia,27
 Fortaleza do Taboc�o,27
 Goianorte,27
 Goiatins,27
 Guara�,27
 Gurupi,27
 Ipueiras,27
 Itacaj�,27
 Itaguatins,27
 Itapiratins,27
 Itapor� do Tocantins,27
 Ja� do Tocantins,27
 Juarina,27
 Lagoa da Confus�o,27
 Lagoa do Tocantins,27
 Lajeado,27
 Lavandeira,27
 Lizarda,27
 Luzin�polis,27
 Marian�polis do Tocantins,27
 Mateiros,27
 Mauril�ndia do Tocantins,27
 Miracema do Tocantins,27
 Miranorte,27
 Monte do Carmo,27
 Monte Santo do Tocantins,27
 Muricil�ndia,27
 Natividade,27
 Nazar�,27
 Nova Olinda,27
 Nova Rosal�ndia,27
 Novo Acordo,27
 Novo Alegre,27
 Novo Jardim,27
 Oliveira de F�tima,27
 Palmas,27
 Palmeirante,27
 Palmeiras do Tocantins,27
 Palmeir�polis,27
 Para�so do Tocantins,27
 Paran�,27
 Pau d`Arco,27
 Pedro Afonso,27
 Peixe,27
 Pequizeiro,27
 Pindorama do Tocantins,27
 Piraqu�,27
 Pium,27
 Ponte Alta do Bom Jesus,27
 Ponte Alta do Tocantins,27
 Porto Alegre do Tocantins,27
 Porto Nacional,27
 Praia Norte,27
 Presidente Kennedy,27
 Pugmil,27
 Recursol�ndia,27
 Riachinho,27
 Rio da Concei��o,27
 Rio dos Bois,27
 Rio Sono,27
 Sampaio,27
 Sandol�ndia,27
 Santa F� do Araguaia,27
 Santa Maria do Tocantins,27
 Santa Rita do Tocantins,27
 Santa Rosa do Tocantins,27
 Santa Tereza do Tocantins,27
 Santa Terezinha do Tocantins,27
 S�o Bento do Tocantins,27
 S�o F�lix do Tocantins,27
 S�o Miguel do Tocantins,27
 S�o Salvador do Tocantins,27
 S�o Sebasti�o do Tocantins,27
 S�o Val�rio da Natividade,27
 Silvan�polis,27
 S�tio Novo do Tocantins,27
 Sucupira,27
 Taguatinga,27
 Taipas do Tocantins,27
 Talism�,27
 Tocant�nia,27
 Tocantin�polis,27
 Tupirama,27
 Tupiratins,27
 Wanderl�ndia,27
 Xambio�,27
